author_uri,author_name,primary_affiliations,all_affiliations,matched_paderborn_affiliations
https://dblp.org/pid/52/7395,Ulrich Wechselberger,"University of Paderborn, Center for Educational Research and Teacher Education, Germany","University of Paderborn, Center for Educational Research and Teacher Education, Germany","University of Paderborn, Center for Educational Research and Teacher Education, Germany | University of Paderborn, Center for Educational Research and Teacher Education, Germany"
https://dblp.org/pid/52/3346-15,Christian Schmidt,"Universit\u00E4t Paderborn, Germany","Universit\u00E4t Paderborn, Germany","Universit\u00E4t Paderborn, Germany | Universit\u00E4t Paderborn, Germany"
https://dblp.org/pid/53/3909,Harald Selke,"University of Paderborn, Heinz Nixdorf Institut, Germany","University of Paderborn, Heinz Nixdorf Institut, Germany","University of Paderborn, Heinz Nixdorf Institut, Germany | University of Paderborn, Heinz Nixdorf Institut, Germany"
https://dblp.org/pid/53/4856,Patrick Briest,"University of Paderborn, Department of Computer Science, Germany","University of Paderborn, Department of Computer Science, Germany","University of Paderborn, Department of Computer Science, Germany | University of Paderborn, Department of Computer Science, Germany"
https://dblp.org/pid/96/1876-1,Tobias Schumacher,"University of Paderborn, Germany","University of Paderborn, Germany","University of Paderborn, Germany | University of Paderborn, Germany"
https://dblp.org/pid/32/10911-1,Peter Stadler,"Paderborn University, Germany","Paderborn University, Germany","Paderborn University, Germany | Paderborn University, Germany"
https://dblp.org/pid/319/8710,Christian Koldewey,"Universit\u00E4t Paderborn, Paderborn, Germany","Universit\u00E4t Paderborn, Paderborn, Germany","Universit\u00E4t Paderborn, Paderborn, Germany | Universit\u00E4t Paderborn, Paderborn, Germany"
https://dblp.org/pid/b/StBottcher,Stefan B\u00F6ttcher,"University of Paderborn, Department of Computer Science","University of Paderborn, Department of Computer Science","University of Paderborn, Department of Computer Science | University of Paderborn, Department of Computer Science"
https://dblp.org/pid/86/4463-2,Michael Baumann,"University of Paderborn, Germany","University of Paderborn, Germany","University of Paderborn, Germany | University of Paderborn, Germany"
https://dblp.org/pid/132/9687,Yasemin Acar,"Paderborn University, Departmemnt of Computer Science, Germany","Paderborn University, Departmemnt of Computer Science, Germany","Paderborn University, Departmemnt of Computer Science, Germany | Paderborn University, Departmemnt of Computer Science, Germany"
https://dblp.org/pid/168/1542,Diego Moussallem,"Paderborn University, Department of Computer Science, Germany","Paderborn University, Department of Computer Science, Germany","Paderborn University, Department of Computer Science, Germany | Paderborn University, Department of Computer Science, Germany"
https://dblp.org/pid/320/6059,Christian Schulz,"Paderborn University, Germany","Paderborn University, Germany","Paderborn University, Germany | Paderborn University, Germany"
https://dblp.org/pid/27/5935-4,Hongwei Zhang,"University of Paderborn, Germany","University of Paderborn, Germany","University of Paderborn, Germany | University of Paderborn, Germany"
https://dblp.org/pid/169/3113,Thomas D. K\u00FChne,"University of Paderborn, Department of Chemistry, Germany","University of Paderborn, Department of Chemistry, Germany","University of Paderborn, Department of Chemistry, Germany | University of Paderborn, Department of Chemistry, Germany"
https://dblp.org/pid/133/9707,Marc Landmann,"University of Paderborn, Department of Physics","University of Paderborn, Department of Physics","University of Paderborn, Department of Physics | University of Paderborn, Department of Physics"
https://dblp.org/pid/133/9755,Uwe Gerstmann,"University of Paderborn, Germany","University of Paderborn, Germany","University of Paderborn, Germany | University of Paderborn, Germany"
https://dblp.org/pid/128/3388,Wolf Gero Schmidt,"University of Paderborn, Department of Physics, Germany","University of Paderborn, Department of Physics, Germany","University of Paderborn, Department of Physics, Germany | University of Paderborn, Department of Physics, Germany"
https://dblp.org/pid/128/3400,Martin Rohrm\u00FCller,"University of Paderborn, Germany","University of Paderborn, Germany","University of Paderborn, Germany | University of Paderborn, Germany"
https://dblp.org/pid/i/TobiasIsenberg2,Tobias Isenberg,University of Paderborn,University of Paderborn,University of Paderborn | University of Paderborn
https://dblp.org/pid/93/4106,Karl-Heinz Indlekofer,"University of Paderborn, Germany","University of Paderborn, Germany","University of Paderborn, Germany | University of Paderborn, Germany"
https://dblp.org/pid/50/6546,Christian Soltenborn,"University of Paderborn, Department of Computer Science, Germany","University of Paderborn, Department of Computer Science, Germany","University of Paderborn, Department of Computer Science, Germany | University of Paderborn, Department of Computer Science, Germany"
https://dblp.org/pid/50/146-4,Thomas Berger,"Universit\u00E4t Paderborn, Paderborn, Germany","Universit\u00E4t Paderborn, Paderborn, Germany","Universit\u00E4t Paderborn, Paderborn, Germany | Universit\u00E4t Paderborn, Paderborn, Germany"
https://dblp.org/pid/00/2717,Bernd Kleinjohann,"University of Paderborn, Germany","University of Paderborn, Germany","University of Paderborn, Germany | University of Paderborn, Germany"
https://dblp.org/pid/117/6974-1,Jens Weber,"University of Paderborn, Heinz Nixdorf Institute, Germany","University of Paderborn, Heinz Nixdorf Institute, Germany","University of Paderborn, Heinz Nixdorf Institute, Germany | University of Paderborn, Heinz Nixdorf Institute, Germany"
https://dblp.org/pid/48/8997,Martina Eikel,"University of Paderborn, Department of Computer Science","University of Paderborn, Department of Computer Science","University of Paderborn, Department of Computer Science | University of Paderborn, Department of Computer Science"
https://dblp.org/pid/48/3452-11,Michael Schmidt,"University of Paderborn, Germany","University of Paderborn, Germany","University of Paderborn, Germany | University of Paderborn, Germany"
https://dblp.org/pid/48/4209,Johannes Magenheim,"University of Paderborn, Germany","University of Paderborn, Germany","University of Paderborn, Germany | University of Paderborn, Germany"
https://dblp.org/pid/48/5080,Rita Hartel,"University of Paderborn, Germany","University of Paderborn, Germany","University of Paderborn, Germany | University of Paderborn, Germany"
https://dblp.org/pid/164/2698,Vu-Linh Nguyen,"Paderborn University, Heinz Nixdorf Institute, Germany","Paderborn University, Heinz Nixdorf Institute, Germany","Paderborn University, Heinz Nixdorf Institute, Germany | Paderborn University, Heinz Nixdorf Institute, Germany"
https://dblp.org/pid/88/6542,Reinhold H\u00E4b-Umbach,"University of Paderborn, Department of Electrical Engineering and Information Technology, Germany","University of Paderborn, Department of Electrical Engineering and Information Technology, Germany","University of Paderborn, Department of Electrical Engineering and Information Technology, Germany | University of Paderborn, Department of Electrical Engineering and Information Technology, Germany"
https://dblp.org/pid/62/4807-8,Martin Bauer,"University of Paderborn, Germany","University of Paderborn, Germany","University of Paderborn, Germany | University of Paderborn, Germany"
https://dblp.org/pid/62/782,Philipp Adelt,"University of Paderborn, Cooperative Computing & Communication Laboratory (C-LAB), Paderborn, Germany","University of Paderborn, Cooperative Computing & Communication Laboratory (C-LAB), Paderborn, Germany","University of Paderborn, Cooperative Computing & Communication Laboratory (C-LAB), Paderborn, Germany | University of Paderborn, Cooperative Computing & Communication Laboratory (C-LAB), Paderborn, Germany"
https://dblp.org/pid/62/6023-2,Hassan Ghasemzadeh Mohammadi,"Paderborn University, Department of Computer Science, Germany","Paderborn University, Department of Computer Science, Germany","Paderborn University, Department of Computer Science, Germany | Paderborn University, Department of Computer Science, Germany"
https://dblp.org/pid/s/GeorgSchneider5,Georg Schneider,"University of Paderborn, Faculty of Business Administration, Germany","University of Paderborn, Faculty of Business Administration, Germany","University of Paderborn, Faculty of Business Administration, Germany | University of Paderborn, Faculty of Business Administration, Germany"
https://dblp.org/pid/s/TimSchattkowsky,Tim Schattkowsky,"University of Paderborn, Germany","University of Paderborn, Germany","University of Paderborn, Germany | University of Paderborn, Germany"
https://dblp.org/pid/s/AdrianSlowik,Adrian Slowik,"University of Paderborn, Germany","University of Paderborn, Germany","University of Paderborn, Germany | University of Paderborn, Germany"
https://dblp.org/pid/s/ChristianScheideler,Christian Scheideler,"University of Paderborn, Germany","University of Paderborn, Germany","University of Paderborn, Germany | University of Paderborn, Germany"
https://dblp.org/pid/s/MohammadSoleymani-2,Mohammad Soleymani,"Paderborn University, Signal and System Theory Group, Germany","Paderborn University, Signal and System Theory Group, Germany","Paderborn University, Signal and System Theory Group, Germany | Paderborn University, Signal and System Theory Group, Germany"
https://dblp.org/pid/315/0981-2,Verena Wolf,"University of Paderborn, Germany","University of Paderborn, Germany","University of Paderborn, Germany | University of Paderborn, Germany"
https://dblp.org/pid/315/0793-2,Christoph Rasche,"Paderborn University, Heinz Nixdorf Institute, Design of Distributed Embedded Systems, Germany","Paderborn University, Heinz Nixdorf Institute, Design of Distributed Embedded Systems, Germany","Paderborn University, Heinz Nixdorf Institute, Design of Distributed Embedded Systems, Germany | Paderborn University, Heinz Nixdorf Institute, Design of Distributed Embedded Systems, Germany"
https://dblp.org/pid/13/8970,Patricia Arias Cabarcos,"Paderborn University, Germany","Paderborn University, Germany","Paderborn University, Germany | Paderborn University, Germany"
https://dblp.org/pid/13/204-6,Daniel M\u00FCller,"University of Paderborn, Germany","University of Paderborn, Germany","University of Paderborn, Germany | University of Paderborn, Germany"
https://dblp.org/pid/145/1160,Mohamed Ahmed Sherif,"Paderborn University, Department of Computer Science, Germany","Paderborn University, Department of Computer Science, Germany","Paderborn University, Department of Computer Science, Germany | Paderborn University, Department of Computer Science, Germany"
https://dblp.org/pid/25/7857,Ansgar Tr\u00E4chtler,"Fraunhofer Institute for Mechatronic Systems Design (IEM), Paderborn, Germany","Fraunhofer Institute for Mechatronic Systems Design (IEM), Paderborn, Germany","Fraunhofer Institute for Mechatronic Systems Design (IEM), Paderborn, Germany | Fraunhofer Institute for Mechatronic Systems Design (IEM), Paderborn, Germany"
https://dblp.org/pid/63/4934-1,Markus Becker,"University of Paderborn, Germany","University of Paderborn, Germany","University of Paderborn, Germany | University of Paderborn, Germany"
https://dblp.org/pid/134/7582,Gareth T. Davies,"University of Paderborn, Department of Computer Science, Germany","University of Paderborn, Department of Computer Science, Germany","University of Paderborn, Department of Computer Science, Germany | University of Paderborn, Department of Computer Science, Germany"
https://dblp.org/pid/k/HKleineBuning,Hans Kleine B\u00FCning,"University of Paderborn, Germany","University of Paderborn, Germany","University of Paderborn, Germany | University of Paderborn, Germany"
https://dblp.org/pid/k/ReinhardKeilSlawik,Reinhard Keil,"University of Paderborn, Germany","University of Paderborn, Germany","University of Paderborn, Germany | University of Paderborn, Germany"
https://dblp.org/pid/k/MKoester,Markus K\u00F6ster,"University of Paderborn, Germany","University of Paderborn, Germany","University of Paderborn, Germany | University of Paderborn, Germany"
https://dblp.org/pid/k/UweKastens,Uwe Kastens,"University of Paderborn, Germany","University of Paderborn, Germany","University of Paderborn, Germany | University of Paderborn, Germany"
https://dblp.org/pid/119/5839,Jakob Bossek,"Paderborn University, Germany","Paderborn University, Germany","Paderborn University, Germany | Paderborn University, Germany"
https://dblp.org/pid/20/4268-2,J\u00FCrgen Vollmer,"University of Paderborn, Germany","University of Paderborn, Germany","University of Paderborn, Germany | University of Paderborn, Germany"
https://dblp.org/pid/02/691-2,Robert Wagner,"University of Paderborn, Germany","University of Paderborn, Germany","University of Paderborn, Germany | University of Paderborn, Germany"
https://dblp.org/pid/12/4452,Sabrina Gei\u00DFler,"University of Paderborn, Heinz Nixdorf Institute, Germnany","University of Paderborn, Heinz Nixdorf Institute, Germnany","University of Paderborn, Heinz Nixdorf Institute, Germnany | University of Paderborn, Heinz Nixdorf Institute, Germnany"
https://dblp.org/pid/34/34-2,Wolfgang Meyer,"Oldenbourg University of Paderborn, Germany","Oldenbourg University of Paderborn, Germany","Oldenbourg University of Paderborn, Germany | Oldenbourg University of Paderborn, Germany"
https://dblp.org/pid/34/2589,Heike Trautmann,"Paderborn University, Department of Computer Science, Paderborn, Germany","Paderborn University, Department of Computer Science, Paderborn, Germany","Paderborn University, Department of Computer Science, Paderborn, Germany | Paderborn University, Department of Computer Science, Paderborn, Germany"
https://dblp.org/pid/327/6458,Harshini Sri Ramulu,"Paderborn University, Germany","Paderborn University, Germany","Paderborn University, Germany | Paderborn University, Germany"
https://dblp.org/pid/181/2328-6,Tao Xie,"Fraunhofer Institute for Production Technology (IPT), Paderborn, Germany","Fraunhofer Institute for Production Technology (IPT), Paderborn, Germany","Fraunhofer Institute for Production Technology (IPT), Paderborn, Germany | Fraunhofer Institute for Production Technology (IPT), Paderborn, Germany"
https://dblp.org/pid/140/3577,Abdelmoneim Amer Desouki,"Paderborn University, Department of Computer Science, Germany","Paderborn University, Department of Computer Science, Germany","Paderborn University, Department of Computer Science, Germany | Paderborn University, Department of Computer Science, Germany"
https://dblp.org/pid/24/160,Alexander Krupp,"Paderborn University, C-LAB, Paderborn, Germany","Paderborn University, C-LAB, Paderborn, Germany","Paderborn University, C-LAB, Paderborn, Germany | Paderborn University, C-LAB, Paderborn, Germany"
https://dblp.org/pid/24/250-2,Matthias Hilbig,"Heinz Nixdorf Institute, University of Paderborn, Germany","Heinz Nixdorf Institute, University of Paderborn, Germany","Heinz Nixdorf Institute, University of Paderborn, Germany | Heinz Nixdorf Institute, University of Paderborn, Germany"
https://dblp.org/pid/24/6914-43,Hong Zhang,"Paderborn University, Germany","Paderborn University, Germany","Paderborn University, Germany | Paderborn University, Germany"
https://dblp.org/pid/80/3639-9,Muhammad Awais,"University of Paderborn, Department of Computer Science, Germany","University of Paderborn, Department of Computer Science, Germany","University of Paderborn, Department of Computer Science, Germany | University of Paderborn, Department of Computer Science, Germany"
https://dblp.org/pid/80/1348-2,Andr\u00E9 Schulz,"University of Paderborn, Germany","University of Paderborn, Germany","University of Paderborn, Germany | University of Paderborn, Germany"
https://dblp.org/pid/293/0898,Martin Albrecht-Hohmaier,"University of Paderborn, Musicology Seminar, Detmold, Germany","University of Paderborn, Musicology Seminar, Detmold, Germany","University of Paderborn, Musicology Seminar, Detmold, Germany | University of Paderborn, Musicology Seminar, Detmold, Germany"
https://dblp.org/pid/228/3129,Daniel F. Leite,"Paderborn University, Department of Computer Science, Germany","Paderborn University, Department of Computer Science, Germany","Paderborn University, Department of Computer Science, Germany | Paderborn University, Department of Computer Science, Germany"
https://dblp.org/pid/71/11054,Uwe Pohlmann,"University of Paderborn, Germany","University of Paderborn, Germany","University of Paderborn, Germany | University of Paderborn, Germany"
https://dblp.org/pid/71/10571-2,Hendrik Schreiber,"Paderborn University, Germany","Paderborn University, Germany","Paderborn University, Germany | Paderborn University, Germany"
https://dblp.org/pid/123/8761,Lorijn van Rooijen,"University of Paderborn, Heinz Nixdorf Institute, Germany","University of Paderborn, Heinz Nixdorf Institute, Germany","University of Paderborn, Heinz Nixdorf Institute, Germany | University of Paderborn, Heinz Nixdorf Institute, Germany"
https://dblp.org/pid/178/6439,Nils L\u00F6ken,"Paderborn University, Department of Computer Science, Germany","Paderborn University, Department of Computer Science, Germany","Paderborn University, Department of Computer Science, Germany | Paderborn University, Department of Computer Science, Germany"
https://dblp.org/pid/261/3628,Moritz Vinzent Seiler,"Paderborn University, Germany","Paderborn University, Germany","Paderborn University, Germany | Paderborn University, Germany"
https://dblp.org/pid/22/2959-2,Alexander Roth,"University of Paderborn, Germany","University of Paderborn, Germany","University of Paderborn, Germany | University of Paderborn, Germany"
https://dblp.org/pid/269/5697,Daniel Eckertz,"Fraunhofer Institute for Mechatronic Systems Design IEM, Paderborn, Germany","Fraunhofer Institute for Mechatronic Systems Design IEM, Paderborn, Germany","Fraunhofer Institute for Mechatronic Systems Design IEM, Paderborn, Germany | Fraunhofer Institute for Mechatronic Systems Design IEM, Paderborn, Germany"
https://dblp.org/pid/269/9773,Nikhil Kumar Jha,"Fraunhofer Institute for Mechatronic Systems Design (IEM), Paderborn, Germany","Fraunhofer Institute for Mechatronic Systems Design (IEM), Paderborn, Germany","Fraunhofer Institute for Mechatronic Systems Design (IEM), Paderborn, Germany | Fraunhofer Institute for Mechatronic Systems Design (IEM), Paderborn, Germany"
https://dblp.org/pid/06/729-1,Eckhard Koch,"FHDW Paderborn, Germany","FHDW Paderborn, Germany","FHDW Paderborn, Germany | FHDW Paderborn, Germany"
https://dblp.org/pid/06/6420-5,Sen Wu,"University of Paderborn, Germany","University of Paderborn, Germany","University of Paderborn, Germany | University of Paderborn, Germany"
https://dblp.org/pid/06/456,Gerd Szwillus,"University of Paderborn, Department of Computer Science, Germany","University of Paderborn, Department of Computer Science, Germany","University of Paderborn, Department of Computer Science, Germany | University of Paderborn, Department of Computer Science, Germany"
https://dblp.org/pid/44/5175-1,Florian Dittmann,"University of Paderborn, Department of Computer Science, Germany","University of Paderborn, Department of Computer Science, Germany","University of Paderborn, Department of Computer Science, Germany | University of Paderborn, Department of Computer Science, Germany"
https://dblp.org/pid/177/9340,Anselm Haak,"Paderborn University, Germany","Paderborn University, Germany","Paderborn University, Germany | Paderborn University, Germany"
https://dblp.org/pid/42/7777-1,Marco Schmidt,"University of Paderborn, Germany","University of Paderborn, Germany","University of Paderborn, Germany | University of Paderborn, Germany"
https://dblp.org/pid/42/9934-1,Alexander Becker,"Paderborn University, Department of Computer Science, DICE Group, Paderborn, Germany","Paderborn University, Department of Computer Science, DICE Group, Paderborn, Germany","Paderborn University, Department of Computer Science, DICE Group, Paderborn, Germany | Paderborn University, Department of Computer Science, DICE Group, Paderborn, Germany"
https://dblp.org/pid/201/1662,Stefan Krauter,"University of Paderborn, Institute for Sustainable Energy Concepts, Paderborn, Germany","University of Paderborn, Institute for Sustainable Energy Concepts, Paderborn, Germany","University of Paderborn, Institute for Sustainable Energy Concepts, Paderborn, Germany | University of Paderborn, Institute for Sustainable Energy Concepts, Paderborn, Germany"
https://dblp.org/pid/70/7024,Volker Peckhaus,"University of Paderborn, Heinz Nixdorf Institut, Germany","University of Paderborn, Heinz Nixdorf Institut, Germany","University of Paderborn, Heinz Nixdorf Institut, Germany | University of Paderborn, Heinz Nixdorf Institut, Germany"
https://dblp.org/pid/70/8643,Nancy Viola W\u00FCnderlich,"Paderborn University, Germany","Paderborn University, Germany","Paderborn University, Germany | Paderborn University, Germany"
https://dblp.org/pid/70/8080,Martin Dr\u00E4xler,"University of Paderborn, Germany","University of Paderborn, Germany","University of Paderborn, Germany | University of Paderborn, Germany"
https://dblp.org/pid/70/4639,Wilhelm Dangelmaier,"University of Paderborn, Germany","University of Paderborn, Germany","University of Paderborn, Germany | University of Paderborn, Germany"
https://dblp.org/pid/70/8761,Dang Hai Tran Vu,"University of Paderborn, Department of Communications Engineering, Germany","University of Paderborn, Department of Communications Engineering, Germany","University of Paderborn, Department of Communications Engineering, Germany | University of Paderborn, Department of Communications Engineering, Germany"
https://dblp.org/pid/70/7642-1,Peter Pietrzyk,"University of Paderborn, Germany","University of Paderborn, Germany","University of Paderborn, Germany | University of Paderborn, Germany"
https://dblp.org/pid/70/2162,Jonas Schulte,"University of Paderborn, Heinz Nixdorf Institut, Germany","University of Paderborn, Heinz Nixdorf Institut, Germany","University of Paderborn, Heinz Nixdorf Institut, Germany | University of Paderborn, Heinz Nixdorf Institut, Germany"
https://dblp.org/pid/326/5192,S\u00E8djro Salomon Hotegni,"Paderborn University, Germany","Paderborn University, Germany","Paderborn University, Germany | Paderborn University, Germany"
https://dblp.org/pid/e/GregorEngels,Gregor Engels,"University of Paderborn, Department of Computer Science, Paderborn, Germany","University of Paderborn, Department of Computer Science, Paderborn, Germany","University of Paderborn, Department of Computer Science, Paderborn, Germany | University of Paderborn, Department of Computer Science, Paderborn, Germany"
https://dblp.org/pid/84/6110-2,Frank Bauer,"University of Paderborn, Heinz Nixdorf Institute, Germany","University of Paderborn, Heinz Nixdorf Institute, Germany","University of Paderborn, Heinz Nixdorf Institute, Germany | University of Paderborn, Heinz Nixdorf Institute, Germany"
https://dblp.org/pid/84/1558-1,Matthias Fischer,"University of Paderborn, Heinz Nixdorf Institute","University of Paderborn, Heinz Nixdorf Institute","University of Paderborn, Heinz Nixdorf Institute | University of Paderborn, Heinz Nixdorf Institute"
https://dblp.org/pid/55/3529-3,Rolf M\u00FCller,"University of Paderborn, Germany","University of Paderborn, Germany","University of Paderborn, Germany | University of Paderborn, Germany"
https://dblp.org/pid/55/3839,Alex S. Leong,"University of Paderborn, Germany","University of Paderborn, Germany","University of Paderborn, Germany | University of Paderborn, Germany"
https://dblp.org/pid/69/5050-8,Stefan Schneider,"Paderborn University, Germany","Paderborn University, Germany","Paderborn University, Germany | Paderborn University, Germany"
https://dblp.org/pid/69/5011-16,Wei Zhou,"Universit\u00E4t Paderborn, Germany","Universit\u00E4t Paderborn, Germany","Universit\u00E4t Paderborn, Germany | Universit\u00E4t Paderborn, Germany"
https://dblp.org/pid/69/3369-1,Matthias Becker,"University of Paderborn, Germany","University of Paderborn, Germany","University of Paderborn, Germany | University of Paderborn, Germany"
https://dblp.org/pid/150/4812-2,Yasir Mahmood,"Paderborn University, Germany","Paderborn University, Germany","Paderborn University, Germany | Paderborn University, Germany"
https://dblp.org/pid/150/0050,Christina Kolb,"Paderborn University, Department of Computer Science, Germany","Paderborn University, Department of Computer Science, Germany","Paderborn University, Department of Computer Science, Germany | Paderborn University, Department of Computer Science, Germany"
https://dblp.org/pid/216/6738,Fabian Eidens,"Paderborn University, Department of Computer Science, Germany","Paderborn University, Department of Computer Science, Germany","Paderborn University, Department of Computer Science, Germany | Paderborn University, Department of Computer Science, Germany"
https://dblp.org/pid/98/3010-1,Daniel Jung,"University of Paderborn, Germany","University of Paderborn, Germany","University of Paderborn, Germany | University of Paderborn, Germany"
https://dblp.org/pid/76/5938,Christian Plessl,"University of Paderborn, Paderborn Center for Parallel Computing (PC^2), Germany","University of Paderborn, Paderborn Center for Parallel Computing (PC^2), Germany","University of Paderborn, Paderborn Center for Parallel Computing (PC^2), Germany | University of Paderborn, Paderborn Center for Parallel Computing (PC^2), Germany"
https://dblp.org/pid/76/3237,Anni-Yasmin Turhan,"Paderborn University, Germany","Paderborn University, Germany","Paderborn University, Germany | Paderborn University, Germany"
https://dblp.org/pid/36/10647,Oleg Travkin,"University of Paderborn, Germany","University of Paderborn, Germany","University of Paderborn, Germany | University of Paderborn, Germany"
https://dblp.org/pid/09/3612-1,J\u00FCrgen Schulze,"Paderborn University, Department of Computer Science, Germany","Paderborn University, Department of Computer Science, Germany","Paderborn University, Department of Computer Science, Germany | Paderborn University, Department of Computer Science, Germany"
https://dblp.org/pid/60/10319,Tobias Wiersema,"University of Paderborn, Germany","University of Paderborn, Germany","University of Paderborn, Germany | University of Paderborn, Germany"
https://dblp.org/pid/04/5465-4,Daniel Weber,"Paderborn University, Germany","Paderborn University, Germany","Paderborn University, Germany | Paderborn University, Germany"
https://dblp.org/pid/04/9921,Reinhold No\u00E9,"University of Paderborn, Institute of Electrical Engineering, Germany","University of Paderborn, Institute of Electrical Engineering, Germany","University of Paderborn, Institute of Electrical Engineering, Germany | University of Paderborn, Institute of Electrical Engineering, Germany"
https://dblp.org/pid/81/7126,Stefan Gr\u00F6sbrink,"University of Paderborn, Germany","University of Paderborn, Germany","University of Paderborn, Germany | University of Paderborn, Germany"
https://dblp.org/pid/81/7083-5,Muhammad Faisal,"Paderborn University, Paderborn, Germany","Paderborn University, Paderborn, Germany","Paderborn University, Paderborn, Germany | Paderborn University, Paderborn, Germany"
https://dblp.org/pid/81/10647,Gudrun Oevel,"University of Paderborn, Information and Media Technologies Centre (IMT), Paderborn, Germany","University of Paderborn, Information and Media Technologies Centre (IMT), Paderborn, Germany","University of Paderborn, Information and Media Technologies Centre (IMT), Paderborn, Germany | University of Paderborn, Information and Media Technologies Centre (IMT), Paderborn, Germany"
https://dblp.org/pid/81/3518,Sina Ober-Bl\u00F6baum,"University of Paderborn, Department of Mathematics, Germany","University of Paderborn, Department of Mathematics, Germany","University of Paderborn, Department of Mathematics, Germany | University of Paderborn, Department of Mathematics, Germany"
https://dblp.org/pid/153/6937,S. M. Ali Musa Kazmi,"University of Paderborn, Germany","University of Paderborn, Germany","University of Paderborn, Germany | University of Paderborn, Germany"
https://dblp.org/pid/m/WMuller3,Wolfgang M\u00FCller,"University of Paderborn, Heinz Nixdorf Institute, Germany","University of Paderborn, Heinz Nixdorf Institute, Germany","University of Paderborn, Heinz Nixdorf Institute, Germany | University of Paderborn, Heinz Nixdorf Institute, Germany"
https://dblp.org/pid/m/BurkhardMonien,Burkhard Monien,"University of Paderborn, Germany","University of Paderborn, Germany","University of Paderborn, Germany | University of Paderborn, Germany"
https://dblp.org/pid/m/MichaelMeier5,Michael Meier,University of Paderborn,University of Paderborn,University of Paderborn | University of Paderborn
https://dblp.org/pid/57/6293-1,Peter G\u00FCnther,"Diebold Nixdorf, Paderborn, Germany","Diebold Nixdorf, Paderborn, Germany","Diebold Nixdorf, Paderborn, Germany | Diebold Nixdorf, Paderborn, Germany"
https://dblp.org/pid/40/4987-1,Mohamed Soliman,"Paderborn University, Germany","Paderborn University, Germany","Paderborn University, Germany | Paderborn University, Germany"
https://dblp.org/pid/40/8619-1,Elke Wolf,"University of Paderborn, Germany","University of Paderborn, Germany","University of Paderborn, Germany | University of Paderborn, Germany"
https://dblp.org/pid/19/3568,Rainer Feldmann,"University of Paderborn, Department of Computer Science, Germany","University of Paderborn, Department of Computer Science, Germany","University of Paderborn, Department of Computer Science, Germany | University of Paderborn, Department of Computer Science, Germany"
https://dblp.org/pid/19/6980-1,Carsten Huth,"University of Paderborn, Germany","University of Paderborn, Germany","University of Paderborn, Germany | University of Paderborn, Germany"
https://dblp.org/pid/14/3197-1,Carsten Schulte,"Paderborn University, Germany","Paderborn University, Germany","Paderborn University, Germany | Paderborn University, Germany"
https://dblp.org/pid/14/6145-5,Jian Cheng,"University of Paderborn, Germany","University of Paderborn, Germany","University of Paderborn, Germany | University of Paderborn, Germany"
https://dblp.org/pid/14/4836-3,Stephan Winter,"University of Paderborn, Germany","University of Paderborn, Germany","University of Paderborn, Germany | University of Paderborn, Germany"
https://dblp.org/pid/202/1859,Jannik Castenow,"Paderborn University, Heinz Nixdorf Institute and Computer Science Department, Germany","Paderborn University, Heinz Nixdorf Institute and Computer Science Department, Germany","Paderborn University, Heinz Nixdorf Institute and Computer Science Department, Germany | Paderborn University, Heinz Nixdorf Institute and Computer Science Department, Germany"
https://dblp.org/pid/138/4956,Simon Trang,"University of Paderborn, Germany","University of Paderborn, Germany","University of Paderborn, Germany | University of Paderborn, Germany"
https://dblp.org/pid/138/8052,Christine Markarian,"University of Paderborn, Germany","University of Paderborn, Germany","University of Paderborn, Germany | University of Paderborn, Germany"
https://dblp.org/pid/138/7323,Manuel Malatyali,"University of Paderborn, Heinz Nixdorf Institute, Germany","University of Paderborn, Heinz Nixdorf Institute, Germany","University of Paderborn, Heinz Nixdorf Institute, Germany | University of Paderborn, Heinz Nixdorf Institute, Germany"
https://dblp.org/pid/138/4856,Enes Yigitbas,"University of Paderborn, Germany","University of Paderborn, Germany","University of Paderborn, Germany | University of Paderborn, Germany"
https://dblp.org/pid/189/4866,Darius Schlangenotto,"University of Paderborn, Germany","University of Paderborn, Germany","University of Paderborn, Germany | University of Paderborn, Germany"
https://dblp.org/pid/92/1704-3,Andreas Koller,"University of Paderborn, Germany","University of Paderborn, Germany","University of Paderborn, Germany | University of Paderborn, Germany"
https://dblp.org/pid/92/1305,Jan Wolter,"University of Paderborn, Germany","University of Paderborn, Germany","University of Paderborn, Germany | University of Paderborn, Germany"
https://dblp.org/pid/92/6400,Iris Gr\u00E4\u00DFler,"University of Paderborn, Heinz Nixdorf Institute, Paderborn, Germany","University of Paderborn, Heinz Nixdorf Institute, Paderborn, Germany","University of Paderborn, Heinz Nixdorf Institute, Paderborn, Germany | University of Paderborn, Heinz Nixdorf Institute, Paderborn, Germany"
https://dblp.org/pid/225/7849-7,Stefanie M\u00FCller,"Paderborn University, Germany","Paderborn University, Germany","Paderborn University, Germany | Paderborn University, Germany"
https://dblp.org/pid/d/GittaDomik,Gitta Domik,"University of Paderborn, Germany","University of Paderborn, Germany","University of Paderborn, Germany | University of Paderborn, Germany"
https://dblp.org/pid/31/1472-2,Michael Schulte,"Paderborn University, Germany","Paderborn University, Germany","Paderborn University, Germany | Paderborn University, Germany"
https://dblp.org/pid/31/5809,Wilhelm Sch\u00E4fer,"University of Paderborn, Heinz Nixdorf Institut, Germany","University of Paderborn, Heinz Nixdorf Institut, Germany","University of Paderborn, Heinz Nixdorf Institut, Germany | University of Paderborn, Heinz Nixdorf Institut, Germany"
https://dblp.org/pid/h/FMaufderHeide,Friedhelm Meyer auf der Heide,"University of Paderborn, Heinz Nixdorf Institute, Germany","University of Paderborn, Heinz Nixdorf Institute, Germany","University of Paderborn, Heinz Nixdorf Institute, Germany | University of Paderborn, Heinz Nixdorf Institute, Germany"
https://dblp.org/pid/18/2890,Marcel Campen,"Paderborn University, Germany","Paderborn University, Germany","Paderborn University, Germany | Paderborn University, Germany"
https://dblp.org/pid/38/1605,Sevag Gharibian,"University of Paderborn, Department of Computer Science, Germany","University of Paderborn, Department of Computer Science, Germany","University of Paderborn, Department of Computer Science, Germany | University of Paderborn, Department of Computer Science, Germany"
https://dblp.org/pid/38/2606-2,Christian Wolf,"University of Paderborn, DS&OR Lab","University of Paderborn, DS&OR Lab","University of Paderborn, DS&OR Lab | University of Paderborn, DS&OR Lab"
https://dblp.org/pid/97/114-4,Dirk Sch\u00E4fer,"University of Paderborn, Germany","University of Paderborn, Germany","University of Paderborn, Germany | University of Paderborn, Germany"
https://dblp.org/pid/61/3108-3,Andreas K\u00F6nig,University of Paderborn,University of Paderborn,University of Paderborn | University of Paderborn
https://dblp.org/pid/118/8181,Andrea Zoyke,"University of Paderborn, Germany","University of Paderborn, Germany","University of Paderborn, Germany | University of Paderborn, Germany"
https://dblp.org/pid/127/6615,Kathrin Bujna,"Paderborn University, Department of Computer Science, Paderborn, Germany","Paderborn University, Department of Computer Science, Paderborn, Germany","Paderborn University, Department of Computer Science, Paderborn, Germany | Paderborn University, Department of Computer Science, Paderborn, Germany"
https://dblp.org/pid/147/3358,Thim Strothmann,"adesso mobile solutions GmbH, Paderborn, Germany","adesso mobile solutions GmbH, Paderborn, Germany","adesso mobile solutions GmbH, Paderborn, Germany | adesso mobile solutions GmbH, Paderborn, Germany"
https://dblp.org/pid/r/FranzJosefRammig,Franz-Josef Rammig,"University of Paderborn, Heinz Nixdorf Institute (HNI)","University of Paderborn, Heinz Nixdorf Institute (HNI)","University of Paderborn, Heinz Nixdorf Institute (HNI) | University of Paderborn, Heinz Nixdorf Institute (HNI)"
https://dblp.org/pid/95/344-3,Wolfgang Schulz,"University of Paderborn, Department of Communications Engineering, Germany","University of Paderborn, Department of Communications Engineering, Germany","University of Paderborn, Department of Communications Engineering, Germany | University of Paderborn, Department of Communications Engineering, Germany"
https://dblp.org/pid/95/4985-1,Wolfgang Reinhardt,"University of Paderborn, Department of Computer Science, Germany","University of Paderborn, Department of Computer Science, Germany","University of Paderborn, Department of Computer Science, Germany | University of Paderborn, Department of Computer Science, Germany"
https://dblp.org/pid/224/4609,Henrik Br\u00F6cher,"Paderborn University, Department of Computer Science, Germany","Paderborn University, Department of Computer Science, Germany","Paderborn University, Department of Computer Science, Germany | Paderborn University, Department of Computer Science, Germany"
https://dblp.org/pid/17/5476,Lisa Kleinjohann,"University of Paderborn, Heinz Nixdorf Institute, Germany","University of Paderborn, Heinz Nixdorf Institute, Germany","University of Paderborn, Heinz Nixdorf Institute, Germany | University of Paderborn, Heinz Nixdorf Institute, Germany"
https://dblp.org/pid/17/2025,Theodor Lettmann,"Universit\u00E4t Paderborn, Germany","Universit\u00E4t Paderborn, Germany","Universit\u00E4t Paderborn, Germany | Universit\u00E4t Paderborn, Germany"
https://dblp.org/pid/17/3654,Martin Luther Modjo Kamneng,"FHDW Paderborn, Germany","FHDW Paderborn, Germany","FHDW Paderborn, Germany | FHDW Paderborn, Germany"
https://dblp.org/pid/17/6729-15,Lin Wang,"Paderborn University, Germany","Paderborn University, Germany","Paderborn University, Germany | Paderborn University, Germany"
https://dblp.org/pid/174/1998,Johannes Sp\u00E4th,"Fraunhofer Institute for Mechatronic Systems Design (IEM), Paderborn, Germany","Fraunhofer Institute for Mechatronic Systems Design (IEM), Paderborn, Germany","Fraunhofer Institute for Mechatronic Systems Design (IEM), Paderborn, Germany | Fraunhofer Institute for Mechatronic Systems Design (IEM), Paderborn, Germany"
https://dblp.org/pid/218/7188,Jan Bobolz,"Paderborn University, Department of Computer Science, Germany","Paderborn University, Department of Computer Science, Germany","Paderborn University, Department of Computer Science, Germany | Paderborn University, Department of Computer Science, Germany"
https://dblp.org/pid/33/2110,Johannes Bl\u00F6mer,"University of Paderborn, Department of Computer Science, Germany","University of Paderborn, Department of Computer Science, Germany","University of Paderborn, Department of Computer Science, Germany | University of Paderborn, Department of Computer Science, Germany"
https://dblp.org/pid/33/5440-1,Ping Guo,"University of Paderborn, Germany","University of Paderborn, Germany","University of Paderborn, Germany | University of Paderborn, Germany"
https://dblp.org/pid/75/4066-2,Olaf Neumann,"University of Paderborn, Germany","University of Paderborn, Germany","University of Paderborn, Germany | University of Paderborn, Germany"
https://dblp.org/pid/68/283-1,Matthias Meyer,"Fraunhofer IEM, Paderborn, Germany","Fraunhofer IEM, Paderborn, Germany","Fraunhofer IEM, Paderborn, Germany | Fraunhofer IEM, Paderborn, Germany"
https://dblp.org/pid/68/3728,Marco Platzner,"University of Paderborn, Germany","University of Paderborn, Germany","University of Paderborn, Germany | University of Paderborn, Germany"
https://dblp.org/pid/68/7642,Barbara Kempkes,"University of Paderborn, Heinz Nixdorf Institute, Paderborn, Germany","University of Paderborn, Heinz Nixdorf Institute, Paderborn, Germany","University of Paderborn, Heinz Nixdorf Institute, Paderborn, Germany | University of Paderborn, Heinz Nixdorf Institute, Paderborn, Germany"
https://dblp.org/pid/54/503-1,Thomas Lehmann,"Paderborn University, Heinz Nixdorf Institute, Germany","Paderborn University, Heinz Nixdorf Institute, Germany","Paderborn University, Heinz Nixdorf Institute, Germany | Paderborn University, Heinz Nixdorf Institute, Germany"
https://dblp.org/pid/129/9137-1,Christian Brenner,"Paderborn University, Software Engineering Group, Heinz Nixdorf Institute, Germany","Paderborn University, Software Engineering Group, Heinz Nixdorf Institute, Germany","Paderborn University, Software Engineering Group, Heinz Nixdorf Institute, Germany | Paderborn University, Software Engineering Group, Heinz Nixdorf Institute, Germany"
https://dblp.org/pid/26/4979,Dennis Kundisch,"University of Paderborn, Germany","University of Paderborn, Germany","University of Paderborn, Germany | University of Paderborn, Germany"
https://dblp.org/pid/26/2578-8,Rui Zhao,"University of Paderborn, Germany","University of Paderborn, Germany","University of Paderborn, Germany | University of Paderborn, Germany"
https://dblp.org/pid/89/6594,Matthias T. Jung,"University of Paderborn, Germany","University of Paderborn, Germany","University of Paderborn, Germany | University of Paderborn, Germany"
https://dblp.org/pid/f/AlexanderFoerster,Alexander F\u00F6rster,"University of Paderborn, Germany","University of Paderborn, Germany","University of Paderborn, Germany | University of Paderborn, Germany"
https://dblp.org/pid/07/2093-1,Stefan Sauer,"Paderborn University, Software Quality Lab (s-lab), Germany","Paderborn University, Software Quality Lab (s-lab), Germany","Paderborn University, Software Quality Lab (s-lab), Germany | Paderborn University, Software Quality Lab (s-lab), Germany"
https://dblp.org/pid/39/3996,Francisco Cortes G\u00F3mez,"University of Paderborn, Paderborn, Germany","University of Paderborn, Paderborn, Germany","University of Paderborn, Paderborn, Germany | University of Paderborn, Paderborn, Germany"
https://dblp.org/pid/39/1215-1,Yuhong Zhao,"University of Paderborn, Heinz Nixdorf Institute, Germany","University of Paderborn, Heinz Nixdorf Institute, Germany","University of Paderborn, Heinz Nixdorf Institute, Germany | University of Paderborn, Heinz Nixdorf Institute, Germany"
https://dblp.org/pid/90/4912,J\u00FCrgen Gausemeier,"University of Paderborn, Heinz Nixdorf Institut, Germany","University of Paderborn, Heinz Nixdorf Institut, Germany","University of Paderborn, Heinz Nixdorf Institut, Germany | University of Paderborn, Heinz Nixdorf Institut, Germany"
https://dblp.org/pid/90/3409-4,Michael Tiemann,"University of Paderborn, Paderborn, Germany","University of Paderborn, Paderborn, Germany","University of Paderborn, Paderborn, Germany | University of Paderborn, Paderborn, Germany"
https://dblp.org/pid/90/390-4,Thomas Schmidt,"University of Paderborn, Germany","University of Paderborn, Germany","University of Paderborn, Germany | University of Paderborn, Germany"
https://dblp.org/pid/08/8419,Ammar Shaker,"University of Paderborn, Department of Computer Science, Germany","University of Paderborn, Department of Computer Science, Germany","University of Paderborn, Department of Computer Science, Germany | University of Paderborn, Department of Computer Science, Germany"
https://dblp.org/pid/08/335-1,Daniel Warner,"University of Paderborn, Department of Computer Science, Germany","University of Paderborn, Department of Computer Science, Germany","University of Paderborn, Department of Computer Science, Germany | University of Paderborn, Department of Computer Science, Germany"
https://dblp.org/pid/08/7058,Michael Feldmann,"Paderborn University, Germany","Paderborn University, Germany","Paderborn University, Germany | Paderborn University, Germany"
https://dblp.org/pid/72/8725,Adrian Ogierman,"University of Paderborn, Germany","University of Paderborn, Germany","University of Paderborn, Germany | University of Paderborn, Germany"
https://dblp.org/pid/64/1143-2,Thomas H\u00FCbner,"Paderborn University, Germany","Paderborn University, Germany","Paderborn University, Germany | Paderborn University, Germany"
https://dblp.org/pid/64/226-1,Bj\u00F6rn Metzler,"University of Paderborn, Department of Computer Science","University of Paderborn, Department of Computer Science","University of Paderborn, Department of Computer Science | University of Paderborn, Department of Computer Science"
https://dblp.org/pid/15/5253,Torsten Fahle,University of Paderborn,University of Paderborn,University of Paderborn | University of Paderborn
https://dblp.org/pid/203/2506,Philipp Terh\u00F6rst,"Paderborn University, Germany","Paderborn University, Germany","Paderborn University, Germany | Paderborn University, Germany"
https://dblp.org/pid/91/4804-2,Carsten Schmidt,"University of Paderborn, Germany","University of Paderborn, Germany","University of Paderborn, Germany | University of Paderborn, Germany"
https://dblp.org/pid/222/1046-1,Felix Lange,"Paderborn University, System Security Group, Paderborn, Germany","Paderborn University, System Security Group, Paderborn, Germany","Paderborn University, System Security Group, Paderborn, Germany | Paderborn University, System Security Group, Paderborn, Germany"
https://dblp.org/pid/77/4790,Florian Stallmann,"University of Paderborn, Germany","University of Paderborn, Germany","University of Paderborn, Germany | University of Paderborn, Germany"
https://dblp.org/pid/77/949,Christoph Scheytt,"University of Paderborn, Germany","University of Paderborn, Germany","University of Paderborn, Germany | University of Paderborn, Germany"
https://dblp.org/pid/65/4336,Axel-Cyrille Ngonga Ngomo,"Paderborn University, Germany","Paderborn University, Germany","Paderborn University, Germany | Paderborn University, Germany"
https://dblp.org/pid/21/7559-2,Sebastian Thiele,"University of Paderborn, Heinz Nixdorf Institute, Germany","University of Paderborn, Heinz Nixdorf Institute, Germany","University of Paderborn, Heinz Nixdorf Institute, Germany | University of Paderborn, Heinz Nixdorf Institute, Germany"
https://dblp.org/pid/21/3707-3,Martin Hahn,"University of Paderborn, Germany","University of Paderborn, Germany","University of Paderborn, Germany | University of Paderborn, Germany"
https://dblp.org/pid/16/8643-2,Steffen Schneider,"University of Paderborn, C.I.K., Germany","University of Paderborn, C.I.K., Germany","University of Paderborn, C.I.K., Germany | University of Paderborn, C.I.K., Germany"
https://dblp.org/pid/43/6309-1,Oliver M\u00FCller,"University of Paderborn, Germany","University of Paderborn, Germany","University of Paderborn, Germany | University of Paderborn, Germany"
https://dblp.org/pid/43/917,Simon Oberth\u00FCr,"University of Paderborn, SICP, Germany","University of Paderborn, SICP, Germany","University of Paderborn, SICP, Germany | University of Paderborn, SICP, Germany"
https://dblp.org/pid/p/PPfahler,Peter Pfahler,"University of Paderborn, Germany","University of Paderborn, Germany","University of Paderborn, Germany | University of Paderborn, Germany"
https://dblp.org/pid/372/9679,Markus Schmidt,"Paderborn University, Heinz Nixdorf Institute, Germany","Paderborn University, Heinz Nixdorf Institute, Germany","Paderborn University, Heinz Nixdorf Institute, Germany | Paderborn University, Heinz Nixdorf Institute, Germany"
https://dblp.org/pid/94/5744,Eric Bodden,"Paderborn University, Germany","Paderborn University, Germany","Paderborn University, Germany | Paderborn University, Germany"
https://dblp.org/pid/94/5811-1,Dirk Fischer,"University of Paderborn, Germany","University of Paderborn, Germany","University of Paderborn, Germany | University of Paderborn, Germany"
https://dblp.org/pid/79/6049,Katharina J. Rohlfing,"Paderborn University, Germany","Paderborn University, Germany","Paderborn University, Germany | Paderborn University, Germany"
