venue_uri,venue_name
Taschenbuch der Algorithmen,Taschenbuch der Algorithmen
Encyclopedia of Algorithms,Encyclopedia of Algorithms
Handbook of Approximation Algorithms and Metaheuristics,Handbook of Approximation Algorithms and Metaheuristics
Encyclopedia of Education and Information Technologies,Encyclopedia of Education and Information Technologies
https://dblp.org/streams/series/synthesis-wbe,"Synthesis Lectures on Data, Semantics, and Knowledge"
https://dblp.org/streams/series/sfsc,Fifty Years of Fuzzy Logic and its Applications
https://dblp.org/streams/series/ssw,Knowledge Graphs for eXplainable Artificial Intelligence
https://dblp.org/streams/series/ncs,Cartesian Genetic Programming
https://dblp.org/streams/series/hhl,The Rise of Modern Logic: From Leibniz to Frege
https://dblp.org/streams/series/faia,Handbook of Satisfiability
https://dblp.org/streams/series/gidiss,Ausgezeichnete Informatikdissertationen
https://dblp.org/streams/series/lncs,The Challenge of Anticipation
https://dblp.org/streams/series/ifip,IFIP's Exciting First 60+ Years
https://dblp.org/streams/series/sci,Econometrics of Risk
https://dblp.org/streams/conf/evolve,EVOLVE
https://dblp.org/streams/conf/dac,DAC
https://dblp.org/streams/conf/igarss,IGARSS
https://dblp.org/streams/conf/sigir,SIGIR
https://dblp.org/streams/conf/fiff,FIFF Jahrestagung
https://dblp.org/streams/conf/sysose,SoSE
https://dblp.org/streams/conf/sutc,SUTC
https://dblp.org/streams/conf/fuzzing,FUZZING
https://dblp.org/streams/conf/wg,WG
https://dblp.org/streams/conf/csl,CSL
https://dblp.org/streams/conf/scam,SCAM
https://dblp.org/streams/conf/applied,ApPLIED@PODC
https://dblp.org/streams/conf/cw,CW
https://dblp.org/streams/conf/dexa,DEXA Workshops
https://dblp.org/streams/conf/mmm,MMM (2)
https://dblp.org/streams/conf/inlg,INLG
https://dblp.org/streams/conf/chinz,CHINZ
https://dblp.org/streams/conf/IEEEssd,SSD
https://dblp.org/streams/conf/dlog,Description Logics
https://dblp.org/streams/conf/ppam,PPAM (2)
https://dblp.org/streams/conf/itst,ITST
https://dblp.org/streams/conf/cdc,CDC
https://dblp.org/streams/conf/ias,IAS
https://dblp.org/streams/conf/mtsr,MTSR
https://dblp.org/streams/conf/mc,MuC
https://dblp.org/streams/conf/gerupa,UP
https://dblp.org/streams/conf/taros,TAROS
https://dblp.org/streams/conf/tamoco,TAMoCo
https://dblp.org/streams/conf/or,OR
https://dblp.org/streams/conf/ics,ICS
https://dblp.org/streams/conf/latw,LATW
https://dblp.org/streams/conf/slsp,SLSP
https://dblp.org/streams/conf/esorics,ESORICS (3)
https://dblp.org/streams/conf/vrml,Web3D
https://dblp.org/streams/conf/icuwb,ICUWB
https://dblp.org/streams/conf/ewspt,EWSPT
https://dblp.org/streams/conf/cisched,CISched
https://dblp.org/streams/conf/paams,PAAMS
https://dblp.org/streams/conf/paa,Parallel Algorithms and Architectures
https://dblp.org/streams/conf/oc,OC@ICAC
https://dblp.org/streams/conf/icac,ICAC
https://dblp.org/streams/conf/icinco,ICINCO (2)
https://dblp.org/streams/conf/supercomputer,ISC
https://dblp.org/streams/conf/webist,WEBIST (1)
https://dblp.org/streams/conf/ecsqaru,ECSQARU
https://dblp.org/streams/conf/edgesys,EdgeSys@MobiSys
https://dblp.org/streams/conf/icccn,ICCCN
https://dblp.org/streams/conf/nixdorf,Heinz Nixdorf Symposium
https://dblp.org/streams/conf/eurographics,Eurographics (Short Presentations)
https://dblp.org/streams/conf/icsmm,ICSMM
https://dblp.org/streams/conf/sss,SSS
https://dblp.org/streams/conf/wiopt,WiOpt
https://dblp.org/streams/conf/ercimdl,ECDL
https://dblp.org/streams/conf/camsap,CAMSAP
https://dblp.org/streams/conf/ITGspeech,ITG Symposium on Speech Communication
https://dblp.org/streams/conf/ranlp,RANLP
https://dblp.org/streams/conf/wacv,WACV
https://dblp.org/streams/conf/aaai,AAAI
https://dblp.org/streams/conf/rr,RR
https://dblp.org/streams/conf/cve,CVE
https://dblp.org/streams/conf/tamc,TAMC
https://dblp.org/streams/conf/seus,SEUS
https://dblp.org/streams/conf/eais,EAIS
https://dblp.org/streams/conf/icmla,ICMLA
https://dblp.org/streams/conf/wads,WADS
https://dblp.org/streams/conf/hri,HRI (Companion)
https://dblp.org/streams/conf/cp,CP
https://dblp.org/streams/conf/tools,TOOLS (49)
https://dblp.org/streams/conf/sagt,SAGT
https://dblp.org/streams/conf/ijcnn,IJCNN
https://dblp.org/streams/conf/isqed,ISQED
https://dblp.org/streams/conf/isscc,ISSCC
https://dblp.org/streams/conf/snapi,SNAPI@PACT
https://dblp.org/streams/conf/ifip3,Key Competencies in the Knowledge Society
https://dblp.org/streams/conf/Dstep,STeP
https://dblp.org/streams/conf/icaart,ICAART (2)
https://dblp.org/streams/conf/apsec,APSEC
https://dblp.org/streams/conf/caip,CAIP (2)
https://dblp.org/streams/conf/isvlsi,ISVLSI
https://dblp.org/streams/conf/isce,ISCE
https://dblp.org/streams/conf/gecco,GECCO
https://dblp.org/streams/conf/aaaiss,AAAI Spring Symposium: AI for Business Agility
https://dblp.org/streams/conf/vehits,VEHITS
https://dblp.org/streams/conf/ifip2-4,Systems Implementation 2000
https://dblp.org/streams/conf/sitis,SITIS
https://dblp.org/streams/conf/bpm,Business Process Management Workshops (1)
https://dblp.org/streams/conf/egov,EGOV-CeDEM-ePart-*
https://dblp.org/streams/conf/vnc,VNC
https://dblp.org/streams/conf/irregular,IRREGULAR
https://dblp.org/streams/conf/iccve,ICCVE
https://dblp.org/streams/conf/cdve,CDVE
https://dblp.org/streams/conf/socc,SoCC
https://dblp.org/streams/series/gacm,Programmierumgebungen und Compiler
https://dblp.org/streams/conf/cloud,SoCC
https://dblp.org/streams/conf/cc,CC
https://dblp.org/streams/conf/cosade,COSADE
https://dblp.org/streams/conf/sac,SAC
https://dblp.org/streams/conf/icml,ICML
https://dblp.org/streams/conf/fpt,FPT
https://dblp.org/streams/conf/ichi,ICHI
https://dblp.org/streams/conf/ekaw,EKAW
https://dblp.org/streams/conf/ewcg,EuroCG
https://dblp.org/streams/conf/atva,ATVA
https://dblp.org/streams/conf/chi,CHI Extended Abstracts
https://dblp.org/streams/conf/interact,INTERCHI
https://dblp.org/streams/conf/icer,ICER
https://dblp.org/streams/conf/criwg,CRIWG
https://dblp.org/streams/conf/mdm,MDM
https://dblp.org/streams/conf/ciac,CIAC
https://dblp.org/streams/conf/hldvt,HLDVT
https://dblp.org/streams/conf/sui,SUI
https://dblp.org/streams/conf/se,Software Engineering (Workshops)
https://dblp.org/streams/series/ceurws,CSE@SE
https://dblp.org/streams/conf/ecmast,ECMAST
https://dblp.org/streams/conf/extreme,Extreme Markup Languages\u00AE
https://dblp.org/streams/conf/icsoc,ICSOC
https://dblp.org/streams/conf/asss,ASSS@AsiaCCS
https://dblp.org/streams/conf/iswcs,ISWCS
https://dblp.org/streams/conf/bcicts,BCICTS
https://dblp.org/streams/conf/cf,Conf. Computing Frontiers
https://dblp.org/streams/conf/cadui,CADUI
https://dblp.org/streams/conf/csfw,CSF
https://dblp.org/streams/conf/atc,ATC
https://dblp.org/streams/conf/soda,SODA
https://dblp.org/streams/conf/delfi,DeLFI
https://dblp.org/streams/conf/aiia,AI*IA
https://dblp.org/streams/conf/modellierung,Modellierung
https://dblp.org/streams/conf/cig,CIG
https://dblp.org/streams/conf/cscwd,CSCWD (Selected papers)
https://dblp.org/streams/conf/amcis,AMCIS
https://dblp.org/streams/conf/ewsdn,EWSDN
https://dblp.org/streams/conf/bdta,BDTA
https://dblp.org/streams/conf/crypto,CRYPTO (1)
https://dblp.org/streams/conf/vg,VG@Eurographics
https://dblp.org/streams/conf/ida,IDA
https://dblp.org/streams/conf/isse2,ISSE
https://dblp.org/streams/conf/fun,FUN
https://dblp.org/streams/conf/dsvis,DSV-IS
https://dblp.org/streams/conf/frocos,FroCos
https://dblp.org/streams/conf/ctrsa,CT-RSA
https://dblp.org/streams/conf/futsec,Future Security
https://dblp.org/streams/conf/gg,Graph-Grammars and Their Application to Computer Science
https://dblp.org/streams/conf/icgt,ICGT
https://dblp.org/streams/conf/icra,ICRA
https://dblp.org/streams/conf/eurocrypt,EUROCRYPT
https://dblp.org/streams/conf/jelia,JELIA
https://dblp.org/streams/conf/lam,Logic and Machines
https://dblp.org/streams/conf/gfkl,GfKl
https://dblp.org/streams/conf/misdoom,MISDOOM
https://dblp.org/streams/conf/tridentcom,TRIDENTCOM
https://dblp.org/streams/conf/icsa,ICSA
https://dblp.org/streams/conf/eknow,eKNOW
https://dblp.org/streams/conf/ucami,UCAmI (2)
https://dblp.org/streams/conf/wises,WISES
https://dblp.org/streams/conf/saner,SANER
https://dblp.org/streams/conf/iccS,International Conference on Computational Science (2)
https://dblp.org/streams/conf/neo,NEO
https://dblp.org/streams/conf/wosp,ICPE (Companion)
https://dblp.org/streams/conf/tamodia,TAMODIA
https://dblp.org/streams/conf/smbm,Semantic Mining in Biomedicine
https://dblp.org/streams/conf/enase,ENASE (Selected Papers)
https://dblp.org/streams/conf/eurousec,EuroUSEC
https://dblp.org/streams/conf/desrist,DESRIST
https://dblp.org/streams/conf/ifsa,IFSA/EUSFLAT/AGOP
https://dblp.org/streams/conf/eusflat,EUSFLAT Conf.
https://dblp.org/streams/conf/mobility,Mobility Conference
https://dblp.org/streams/conf/foal,FOAL
https://dblp.org/streams/conf/ecbs,ECBS
MoDeVVa@MoDELS,MoDeVVa@MoDELS
https://dblp.org/streams/conf/models,MoDELS
MDHPCL@MoDELS,MDHPCL@MoDELS
https://dblp.org/streams/conf/words,WORDS
https://dblp.org/streams/conf/emsoft,EMSOFT
https://dblp.org/streams/conf/fates,FATES/RV
https://dblp.org/streams/conf/ssw,SSW
https://dblp.org/streams/conf/tcs,Theoretical Computer Science
https://dblp.org/streams/conf/med,MED
https://dblp.org/streams/conf/eucc,ECC
https://dblp.org/streams/conf/mfcs,MFCS
https://dblp.org/streams/conf/graphicsinterface,Graphics Interface
https://dblp.org/streams/conf/ifm,IFM
https://dblp.org/streams/conf/mbmv,MBMV
https://dblp.org/streams/conf/cogsci,CogSci
https://dblp.org/streams/conf/scai,SCAI
https://dblp.org/streams/conf/kesamsta,KES-AMSTA (1)
https://dblp.org/streams/conf/isdevel,ISD
https://dblp.org/streams/conf/africon,AFRICON
https://dblp.org/streams/conf/slt,SLT
https://dblp.org/streams/conf/icics,ICICS
https://dblp.org/streams/conf/ewsn,EWSN
https://dblp.org/streams/conf/ifip8,MOBIS
https://dblp.org/streams/conf/diagrams,Diagrams
https://dblp.org/streams/conf/nfvsdn,NFV-SDN
https://dblp.org/streams/conf/ccs,CCS
MPS@CCS,MPS@CCS
https://dblp.org/streams/conf/asiaccs,AsiaCCS
https://dblp.org/streams/conf/spsm-ws,SPSM@CCS
https://dblp.org/streams/conf/webnet,WebNet
https://dblp.org/streams/conf/latice,LaTiCE
https://dblp.org/streams/conf/spin,SPIN
https://dblp.org/streams/conf/flairs,FLAIRS
https://dblp.org/streams/conf/softent,Software-Entwicklung
https://dblp.org/streams/conf/mobis,MobIS
https://dblp.org/streams/conf/foiks,FoIKS
https://dblp.org/streams/conf/IEEEares,ARES
https://dblp.org/streams/conf/dcase,DCASE
https://dblp.org/streams/series/dimacs,Interconnection Networks and Mapping and Scheduling Parallel Computations
https://dblp.org/streams/conf/iri,IRI
https://dblp.org/streams/conf/ecoc,ECOC
https://dblp.org/streams/conf/bncod,BNCOD
https://dblp.org/streams/conf/semweb,ISWC (2)
https://dblp.org/streams/conf/om2,OM@ISWC
https://dblp.org/streams/conf/nliwod,Semdeep/NLIWoD@ISWC
https://dblp.org/streams/conf/quweda,QuWeDa@ISWC
https://dblp.org/streams/conf/wirtschaftsinformatik,Wirtschaftsinformatik (Zentrale Tracks)
https://dblp.org/streams/conf/percom,PerCom Workshops
https://dblp.org/streams/conf/icmi,ICMI
https://dblp.org/streams/conf/tacas,TACAS (2)
https://dblp.org/streams/conf/ecsa,ECSA (Companion)
https://dblp.org/streams/conf/soqua,SOQUA/TECOS
https://dblp.org/streams/conf/irc,IRC
https://dblp.org/streams/conf/services,SERVICES
https://dblp.org/streams/conf/mmsp,MMSP
https://dblp.org/streams/conf/eccv,ECCV Workshops (3)
https://dblp.org/streams/conf/segah,SeGAH
https://dblp.org/streams/conf/icarcv,ICARCV
https://dblp.org/streams/conf/gvd,Grundlagen von Datenbanken
https://dblp.org/streams/conf/esop,ESOP
https://dblp.org/streams/conf/middleware,Middleware Demos/Posters
SERIAL@Middleware,SERIAL@Middleware
https://dblp.org/streams/conf/mw4soc-ws,MW4SOC
https://dblp.org/streams/conf/arm-ws,ARM@Middleware
https://dblp.org/streams/conf/gi,GI Jahrestagung (2)
https://dblp.org/streams/conf/ibm,Wissensrepr\u00E4sentation in Expertensystemen
https://dblp.org/streams/conf/ic,International Conference on Internet Computing
https://dblp.org/streams/conf/iknow,I-KNOW
https://dblp.org/streams/conf/sigsmall,SIGSMALL/PC
https://dblp.org/streams/conf/walcom,WALCOM
https://dblp.org/streams/conf/icara,ICARA
https://dblp.org/streams/conf/vl,VL
https://dblp.org/streams/conf/gmds,GMDS
https://dblp.org/streams/conf/ipsen,IPSEN Book
https://dblp.org/streams/conf/issta,ISSTA
AISTA@ISSTA,AISTA@ISSTA
https://dblp.org/streams/conf/woda,WODA
https://dblp.org/streams/conf/tcc,TCC (1)
https://dblp.org/streams/conf/cg,Computers and Games
https://dblp.org/streams/conf/prolamat,PROLAMAT
https://dblp.org/streams/conf/norchip,NORCHIP
https://dblp.org/streams/conf/iccel,ICCE
https://dblp.org/streams/conf/indiaSE,ISEC
https://dblp.org/streams/conf/isit,ISIT
https://dblp.org/streams/conf/date,DATE
https://dblp.org/streams/conf/iwsib,IWSiB@ICSE
https://dblp.org/streams/conf/uai,UAI
https://dblp.org/streams/conf/fpga,FPGA
https://dblp.org/streams/conf/iui,IUI
https://dblp.org/streams/conf/lak,LAK
https://dblp.org/streams/conf/xpu,XP
https://dblp.org/streams/conf/acg,ACG
https://dblp.org/streams/conf/accv,ACCV (1)
https://dblp.org/streams/conf/sdmw,Secure Data Management
https://dblp.org/streams/conf/safecomp,SAFECOMP Workshops
https://dblp.org/streams/conf/lcn,LCN
https://dblp.org/streams/conf/snams,SNAMS
https://dblp.org/streams/conf/cnsm,CNSM
https://dblp.org/streams/conf/cbse,CBSE
https://dblp.org/streams/conf/spdp,SPDP
https://dblp.org/streams/conf/web,WEB
https://dblp.org/streams/conf/sle,SLE
https://dblp.org/streams/conf/soap-ws,SOAP@PLDI
https://dblp.org/streams/conf/plas-ws,PLAS
https://dblp.org/streams/conf/pldi,PLDI
https://dblp.org/streams/conf/qi,QI
https://dblp.org/streams/conf/kesw,KESW
https://dblp.org/streams/conf/tpnc,TPNC
https://dblp.org/streams/conf/smc,SMC
https://dblp.org/streams/conf/recsogood,RecSoGood@RecSys
https://dblp.org/streams/conf/euromicro,EUROMICRO-SEAA
https://dblp.org/streams/conf/xsw,XSW
https://dblp.org/streams/conf/ipta,IPTA
https://dblp.org/streams/conf/tat,Transputer-Anwender-Treffen
https://dblp.org/streams/conf/opodis,OPODIS
https://dblp.org/streams/conf/ofc,OFC
https://dblp.org/streams/conf/hcse,HCSE
https://dblp.org/streams/conf/ifaamas,ALA
https://dblp.org/streams/conf/vrst,VRST
https://dblp.org/streams/conf/heart,HEART
https://dblp.org/streams/conf/sbd,SBD@SIGMOD
https://dblp.org/streams/conf/kgswc,KGSWC
https://dblp.org/streams/conf/hci,HCI (3)
https://dblp.org/streams/conf/iwbf,IWBF
https://dblp.org/streams/conf/iwsm,IWSM/Mensura
https://dblp.org/streams/conf/group,GROUP
https://dblp.org/streams/conf/lanman,LANMAN
https://dblp.org/streams/conf/vtc,VTC Spring
https://dblp.org/streams/conf/raid,RAID
https://dblp.org/streams/conf/random,RANDOM-APPROX
https://dblp.org/streams/conf/sigdial,SIGDIAL
https://dblp.org/streams/conf/delta,DELTA
https://dblp.org/streams/conf/wims,WIMS
https://dblp.org/streams/conf/sat,SAT
https://dblp.org/streams/conf/seams,SEAMS@ICSE
https://dblp.org/streams/conf/his,HIS
https://dblp.org/streams/conf/iq,ICIQ
https://dblp.org/streams/conf/sigcse,SIGCSE (1)
https://dblp.org/streams/conf/rulemlrr,RuleML+RR
https://dblp.org/streams/conf/ldic,LDIC
https://dblp.org/streams/conf/ispe,CE
https://dblp.org/streams/conf/aspdac,ASP-DAC
https://dblp.org/streams/conf/codaspy,CODASPY
https://dblp.org/streams/conf/wollic,WoLLIC
https://dblp.org/streams/conf/wipsce,WiPSCE
https://dblp.org/streams/conf/jit,Java-Informations-Tage
https://dblp.org/streams/conf/mobihoc,MobiHoc
https://dblp.org/streams/conf/icas,ICAS
https://dblp.org/streams/conf/rv,RV
https://dblp.org/streams/conf/parelec,PARELEC
https://dblp.org/streams/conf/ami,AmI Workshops
https://dblp.org/streams/conf/dihu,DH
https://dblp.org/streams/conf/IEEEisic,ISIC
https://dblp.org/streams/conf/pacis,PACIS
https://dblp.org/streams/conf/pkdd,ECML/PKDD (4)
https://dblp.org/streams/conf/ecml,DC@PKDD/ECML
https://dblp.org/streams/conf/mlsa,MLSA@PKDD/ECML
https://dblp.org/streams/conf/im,IM
https://dblp.org/streams/conf/acsac,ACSAC
https://dblp.org/streams/conf/ahs,AHS
https://dblp.org/streams/conf/eatis,EATIS
https://dblp.org/streams/conf/aucc,AuCC
https://dblp.org/streams/conf/ht,HT
https://dblp.org/streams/conf/wsc,WSC
https://dblp.org/streams/conf/evoapps,EvoApplications
https://dblp.org/streams/conf/isgteurope,ISGT EUROPE
https://dblp.org/streams/conf/isw,ISC
https://dblp.org/streams/conf/tc11-5,IICIS
https://dblp.org/streams/conf/spawc,SPAWC
https://dblp.org/streams/conf/cad,CAD
https://dblp.org/streams/conf/ispa,ISPA
https://dblp.org/streams/conf/hicss,HICSS
https://dblp.org/streams/conf/ichc,ICHC
https://dblp.org/streams/conf/mis,Multimedia Information Systems
https://dblp.org/streams/conf/simvis,SimVis
https://dblp.org/streams/conf/i-semantics,SEMANTiCS (Posters & Demos)
https://dblp.org/streams/conf/cec,CEC
https://dblp.org/streams/conf/fmco,FMCO
https://dblp.org/streams/conf/icassp,ICASSP
https://dblp.org/streams/conf/wcce,WCCE
https://dblp.org/streams/conf/swat4ls,SWAT4LS
https://dblp.org/streams/conf/ifip5-7,APMS
https://dblp.org/streams/conf/ectel,EC-TEL
https://dblp.org/streams/conf/icpp,ICPP Workshops
https://dblp.org/streams/conf/mlearn,mLearn
https://dblp.org/streams/conf/ki,KI
https://dblp.org/streams/conf/fcr,FCR@KI
https://dblp.org/streams/conf/infocom,INFOCOM
https://dblp.org/streams/conf/wowmom,WoWMoM
https://dblp.org/streams/conf/antsw,ANTS Conference
https://dblp.org/streams/conf/icb,ICB
https://dblp.org/streams/conf/acl-pwnlp,PWNLP@ACL
https://dblp.org/streams/conf/dmin,DMIN
https://dblp.org/streams/conf/spaa,SPAA
https://dblp.org/streams/conf/bxml,Berliner XML Tage
https://dblp.org/streams/conf/networking,Networking
https://dblp.org/streams/conf/networks,NetWORKing
https://dblp.org/streams/conf/cocoon,COCOON
https://dblp.org/streams/conf/IEEEcca,CCA
https://dblp.org/streams/conf/acssc,ACSSC
https://dblp.org/streams/conf/icgse,ICGSE
https://dblp.org/streams/conf/algosensors,ALGOSENSORS
https://dblp.org/streams/conf/refmod,Referenzmodellierung
https://dblp.org/streams/conf/icwsm,ICWSM Workshops
https://dblp.org/streams/conf/icdcn,ICDCN
https://dblp.org/streams/conf/monami,MONAMI
https://dblp.org/streams/conf/ipsn,IPSN
https://dblp.org/streams/conf/sicherheit,Sicherheit
https://dblp.org/streams/conf/gd,GD
https://dblp.org/streams/conf/nca,NCA
https://dblp.org/streams/conf/icsm,ICSME
https://dblp.org/streams/conf/iecon,IECON
https://dblp.org/streams/conf/iclp,ICLP
https://dblp.org/streams/conf/denert,Denert Award
https://dblp.org/streams/conf/isss,ISSS
https://dblp.org/streams/conf/apnet,APNet
https://dblp.org/streams/conf/mkwi,MKWI
https://dblp.org/streams/conf/icc,ICC
https://dblp.org/streams/conf/rtas,RTAS
https://dblp.org/streams/conf/icpads,ICPADS
https://dblp.org/streams/conf/sies,SIES
https://dblp.org/streams/conf/petra,PETRA
https://dblp.org/streams/conf/ppsc,PP
https://dblp.org/streams/conf/allerton,Allerton
MANPU@ICDAR,MANPU@ICDAR
https://dblp.org/streams/conf/dsd,DSD
https://dblp.org/streams/conf/birthday,Graph Transformations and Model-Driven Engineering
https://dblp.org/streams/conf/wpnc,WPNC
https://dblp.org/streams/conf/icst,ICST
https://dblp.org/streams/conf/istcs,ISTCS
https://dblp.org/streams/conf/tadds,TADDS
https://dblp.org/streams/conf/data,DATA
https://dblp.org/streams/conf/icfce,ICFCE
https://dblp.org/streams/conf/pakm,PAKM
https://dblp.org/streams/conf/ecis,ECIS
https://dblp.org/streams/conf/edoc,EDOC
https://dblp.org/streams/conf/stringology,PSC
https://dblp.org/streams/conf/ladc,LADC
https://dblp.org/streams/conf/cicling,CICLing (2)
https://dblp.org/streams/conf/rweb,Reasoning Web
https://dblp.org/streams/conf/ifip10-5,EDUTECH
https://dblp.org/streams/conf/acii,ACII
https://dblp.org/streams/conf/onlinegreencomm,OnlineGreenComm
https://dblp.org/streams/conf/globecom,GLOBECOM Workshops
https://dblp.org/streams/conf/kes,KES
https://dblp.org/streams/conf/cikm,CIKM
https://dblp.org/streams/conf/pkc,Public Key Cryptography
https://dblp.org/streams/conf/siggraph,SIGGRAPH
https://dblp.org/streams/conf/siggrapha,SIGGRAPH ASIA Educators Program
https://dblp.org/streams/conf/ACMdis,Symposium on Designing Interactive Systems
https://dblp.org/streams/conf/visigrapp,VISIGRAPP (2: HUCAPP)
https://dblp.org/streams/conf/icdm,ICDM
https://dblp.org/streams/conf/ehci,EHCI/DS-VIS
https://dblp.org/streams/conf/icnp,ICNP
https://dblp.org/streams/conf/iccd,ICCD
https://dblp.org/streams/conf/acml,ACML
https://dblp.org/streams/conf/lpnmr,LPNMR
https://dblp.org/streams/conf/isaac,ISAAC
https://dblp.org/streams/conf/eucnc,EuCNC
https://dblp.org/streams/conf/IEEEicci,IEEE ICCI
https://dblp.org/streams/conf/wstst,WSTST
https://dblp.org/streams/conf/dw,Data Warehousing
https://dblp.org/streams/conf/tase,TASE
https://dblp.org/streams/conf/icdcs,ICDCS
https://dblp.org/streams/conf/iwoca,IWOCA
https://dblp.org/streams/conf/embc,EMBC
https://dblp.org/streams/conf/sp,IEEE Symposium on Security and Privacy
https://dblp.org/streams/conf/parle,PARLE
https://dblp.org/streams/conf/icws,ICWS
https://dblp.org/streams/conf/cimca,CIMCA/IAWTIC
https://dblp.org/streams/conf/forge,FORGE
https://dblp.org/streams/conf/lpar,LPAR
https://dblp.org/streams/conf/ausai,Australasian Conference on Artificial Intelligence
https://dblp.org/streams/conf/greencom,GreenCom
https://dblp.org/streams/conf/s-3,S3@MobiCom
https://dblp.org/streams/conf/mobicom,Mobility Management & Wireless Access Protocols
https://dblp.org/streams/conf/fdtc,FDTC
https://dblp.org/streams/conf/ifip3-2,University Education Uses of Visualization in Scientific Computing
https://dblp.org/streams/conf/nanoarch,NANOARCH
https://dblp.org/streams/conf/ddecs,DDECS
https://dblp.org/streams/conf/step,STEP
https://dblp.org/streams/conf/ebusiness,Innovationen im E-Business
https://dblp.org/streams/conf/egve,EGVE
https://dblp.org/streams/conf/simulationstechnik,Simulationstechnik
https://dblp.org/streams/conf/dtis,DTIS
https://dblp.org/streams/conf/innovations,ITCS
https://dblp.org/streams/conf/ecmr,ECMR
https://dblp.org/streams/conf/ams,AMS
https://dblp.org/streams/conf/adc,ADC
https://dblp.org/streams/conf/trec,TREC
https://dblp.org/streams/conf/mobilight,MOBILIGHT
https://dblp.org/streams/conf/iptps,IPTPS
https://dblp.org/streams/conf/ncm,NCM
https://dblp.org/streams/conf/wicsa,WICSA
https://dblp.org/streams/conf/bigdataconf,IEEE BigData
https://dblp.org/streams/conf/waim,WAIM
https://dblp.org/streams/conf/icis,ICIS
https://dblp.org/streams/conf/mates,MATES
https://dblp.org/streams/conf/cans,CANS
https://dblp.org/streams/conf/post,POST
https://dblp.org/streams/conf/techdebt,TechDebt@ICSE
https://dblp.org/streams/conf/eenergy,e-Energy
https://dblp.org/streams/conf/issep,ISSEP
https://dblp.org/streams/conf/acl,ACL (1)
https://dblp.org/streams/conf/sde,SDE
https://dblp.org/streams/conf/euromedia,EUROMEDIA
https://dblp.org/streams/conf/acmidc,IDC
https://dblp.org/streams/conf/ssiri,SERE (Companion)
https://dblp.org/streams/conf/sosa,SOSA
https://dblp.org/streams/conf/scesm,SCESM
https://dblp.org/streams/conf/iess,IESS
https://dblp.org/streams/conf/humanoids,Humanoids
https://dblp.org/streams/conf/automata,Automatentheorie und Formale Sprachen
https://dblp.org/streams/conf/icpr,ICPR
https://dblp.org/streams/conf/ecoop,ECOOP Workshops
https://dblp.org/streams/conf/chira,CHIRA (1)
https://dblp.org/streams/conf/geneme,GeNeMe
https://dblp.org/streams/conf/nldb,NLDB
https://dblp.org/streams/conf/mobilesoft,MOBILESoft@ICSE
https://dblp.org/streams/conf/faw,FAW
https://dblp.org/streams/conf/ipccc,IPCCC
https://dblp.org/streams/conf/ide,IDE@ICSE
https://dblp.org/streams/conf/esann,ESANN
https://dblp.org/streams/conf/kbse,ASE
https://dblp.org/streams/conf/bx,Bx@PLW
https://dblp.org/streams/conf/isda,ISDA (1)
https://dblp.org/streams/conf/kpdays,SoSP
https://dblp.org/streams/conf/isooms,ISOOMS
https://dblp.org/streams/conf/metainformatics,Metainformatics
https://dblp.org/streams/conf/amcc,ACC
https://dblp.org/streams/conf/visualization,IEEE Visualization
https://dblp.org/streams/conf/latin,LATIN
https://dblp.org/streams/conf/asru,ASRU
https://dblp.org/streams/conf/uss,USENIX Security Symposium
https://dblp.org/streams/conf/fmoods,FMOODS
https://dblp.org/streams/conf/aia,Artificial Intelligence and Applications
https://dblp.org/streams/conf/wistp,WISTP
https://dblp.org/streams/conf/sc,SC
https://dblp.org/streams/conf/h2rc,H2RC@SC
https://dblp.org/streams/conf/wi,Wissensbasierte Systeme
https://dblp.org/streams/conf/ictcs,ICTCS
https://dblp.org/streams/conf/acsd,ACSD
https://dblp.org/streams/conf/fpl,FPL
https://dblp.org/streams/conf/conversations,CONVERSATIONS
https://dblp.org/streams/conf/parco,PARCO
https://dblp.org/streams/conf/simutools,SimuTools
https://dblp.org/streams/conf/macis,MACIS
https://dblp.org/streams/conf/cade,CADE
https://dblp.org/streams/conf/ijcar,IJCAR
https://dblp.org/streams/conf/wea,SEA
https://dblp.org/streams/conf/ism2,ISM
https://dblp.org/streams/conf/ijcai,IJCAI
https://dblp.org/streams/conf/mwscas,MWSCAS
https://dblp.org/streams/conf/nesy,NeSy
https://dblp.org/streams/conf/iswc,ISWC
https://dblp.org/streams/conf/fase,FASE
https://dblp.org/streams/conf/pdpta,PDPTA
https://dblp.org/streams/conf/rev,REV
https://dblp.org/streams/conf/cgo,CGO
https://dblp.org/streams/conf/lics,LICS
https://dblp.org/streams/conf/ideas,IDEAS
https://dblp.org/streams/conf/knowright,KnowRight
https://dblp.org/streams/conf/e4mas,E4MAS
https://dblp.org/streams/conf/ic3k,KEOD
https://dblp.org/streams/conf/dsdis,DSDIS
https://dblp.org/streams/conf/aswc,JIST
https://dblp.org/streams/conf/programmier,Fachtagung \u00FCber Programmiersprachen
https://dblp.org/streams/conf/d-cscl,D-CSCL
https://dblp.org/streams/conf/sofsem,SOFSEM
https://dblp.org/streams/conf/rsp,IEEE International Workshop on Rapid System Prototyping
https://dblp.org/streams/conf/ispw,ISPW
https://dblp.org/streams/conf/recosoc,ReCoSoC
https://dblp.org/streams/conf/financecom,FinanceCom
https://dblp.org/streams/conf/biosig,BIOSIG
https://dblp.org/streams/conf/fnms,Future Network & Mobile Summit
https://dblp.org/streams/conf/softerg,Software-Ergonomie
https://dblp.org/streams/conf/lion,LION
https://dblp.org/streams/conf/noms,NOMS
https://dblp.org/streams/conf/aisadm,AIS-ADM
https://dblp.org/streams/conf/iconac,ICAC
https://dblp.org/streams/conf/fc,Financial Cryptography
https://dblp.org/streams/conf/fps,FPS
https://dblp.org/streams/conf/lrec,LREC
https://dblp.org/streams/conf/rtsi,RTSI
https://dblp.org/streams/conf/pearl,PEARL
https://dblp.org/streams/conf/isorc,ISORC
https://dblp.org/streams/conf/pret,PRET
https://dblp.org/streams/conf/huc,UbiComp Adjunct
https://dblp.org/streams/conf/xsym,Xsym
https://dblp.org/streams/conf/ieeesec,SEC
https://dblp.org/streams/conf/fccm,FCCM
https://dblp.org/streams/conf/soups,SOUPS @ USENIX Security Symposium
https://dblp.org/streams/conf/adhocnets,ADHOCNETS
https://dblp.org/streams/conf/selmas,SELMAS
https://dblp.org/streams/conf/compsac,COMPSAC
https://dblp.org/streams/conf/aswsd,ASWSD
https://dblp.org/streams/conf/dfn,DFN-Forum Kommunikationstechnologien
https://dblp.org/streams/conf/icit2,ICIT
https://dblp.org/streams/conf/icores,ICORES
https://dblp.org/streams/conf/ACMicec,ICEC
https://dblp.org/streams/conf/adprl,ADPRL
https://dblp.org/streams/conf/codesisss,CODES+ISSS
https://dblp.org/streams/conf/compgeom,SoCG
https://dblp.org/streams/conf/euromlsys,EuroMLSys@EuroSys
https://dblp.org/streams/conf/sbcci,SBCCI
https://dblp.org/streams/conf/eusipco,EUSIPCO
https://dblp.org/streams/conf/plilp,PLILP
https://dblp.org/streams/conf/secon,SECON
https://dblp.org/streams/conf/aciids,ACIIDS (1)
https://dblp.org/streams/conf/iscas,ISCAS
https://dblp.org/streams/conf/iceis,ICEIS (1)
https://dblp.org/streams/conf/informatiktage,Informatiktage
https://dblp.org/streams/conf/ro-man,RO-MAN
https://dblp.org/streams/conf/iweb,Interaktion im Web
https://dblp.org/streams/conf/wetice,WETICE
https://dblp.org/streams/conf/widm,WIDM
https://dblp.org/streams/conf/seke,SEKE
https://dblp.org/streams/conf/isocc,ISOCC
https://dblp.org/streams/conf/iticse,ITiCSE-WGR
https://dblp.org/streams/conf/caise,CAiSE Forum
https://dblp.org/streams/conf/bpmds,BPMDS/EMMSAD@CAiSE
https://dblp.org/streams/conf/ecmdafa,ECMDA-FA
https://dblp.org/streams/conf/kcap,K-CAP
https://dblp.org/streams/conf/is,IS
https://dblp.org/streams/conf/aosd,AOSD (Companion)
https://dblp.org/streams/conf/ewdw,East/West Database Workshop
https://dblp.org/streams/conf/iscc,ISCC
https://dblp.org/streams/conf/rectour,RecTour@RecSys
https://dblp.org/streams/conf/ppsn,PPSN
https://dblp.org/streams/conf/glvlsi,ACM Great Lakes Symposium on VLSI
https://dblp.org/streams/conf/mss,MSST
https://dblp.org/streams/conf/kr,KR
https://dblp.org/streams/conf/ifip5-3,BASYS
https://dblp.org/streams/conf/profes,PROFES
https://dblp.org/streams/conf/esocc,ESOCC Workshops
https://dblp.org/streams/conf/etra,ETRA
https://dblp.org/streams/conf/bir,BIR
https://dblp.org/streams/conf/socpar,SoCPaR
https://dblp.org/streams/conf/hvc,Haifa Verification Conference
https://dblp.org/streams/conf/apn,ICATPN
https://dblp.org/streams/conf/rfidta,RFID-TA
https://dblp.org/streams/conf/qosa,QoSA
https://dblp.org/streams/conf/ecal,ECAL
https://dblp.org/streams/conf/aaaifs,AAAI Fall Symposium: Information Retrieval and Knowledge Discovery in Biomedical Text
https://dblp.org/streams/conf/secrypt,SECRYPT
https://dblp.org/streams/conf/smartgreens,SMARTGREENS/VEHITS (Selected Papers)
https://dblp.org/streams/conf/wmc,Workshop Mobile Commerce
https://dblp.org/streams/conf/wae,WAE
https://dblp.org/streams/conf/icete,ICETE (Selected Papers)
https://dblp.org/streams/conf/icumt,ICUMT
https://dblp.org/streams/conf/cts,CTS
https://dblp.org/streams/conf/provsec,ProvSec
https://dblp.org/streams/conf/isola,ISoLA (1)
https://dblp.org/streams/conf/bis,BIS
https://dblp.org/streams/conf/alt,ALT
https://dblp.org/streams/conf/foga,FOGA
https://dblp.org/streams/conf/ictai,TAI
https://dblp.org/streams/conf/ascc,ASCC
https://dblp.org/streams/conf/cases,CASES
https://dblp.org/streams/conf/esws,ESWC
https://dblp.org/streams/conf/geold,GeoLD-QuWeDa@ESWC
https://dblp.org/streams/series/ccis,SemWebEval@ESWC
https://dblp.org/streams/conf/re,RE Workshops
https://dblp.org/streams/conf/d4re-ws,D4RE@RE
https://dblp.org/streams/conf/clef,CLEF (Working Notes)
https://dblp.org/streams/conf/medhocnet,Med-Hoc-Net
https://dblp.org/streams/conf/iiwas,iiWAS
https://dblp.org/streams/conf/ease,EASE
https://dblp.org/streams/conf/eurosp,EuroS&P Workshops
https://dblp.org/streams/conf/sacrypt,Selected Areas in Cryptography
https://dblp.org/streams/conf/sis,WOSIS
https://dblp.org/streams/conf/icftcs,Fehlertolerierende Rechensysteme
https://dblp.org/streams/conf/alenex,ALENEX
https://dblp.org/streams/conf/arcs,ARCS Workshops
https://dblp.org/streams/conf/icexss,IESS
https://dblp.org/streams/conf/icla,ICLA
https://dblp.org/streams/conf/serp,Software Engineering Research and Practice
https://dblp.org/streams/conf/ieeehpcs,HPCS
https://dblp.org/streams/conf/oopsla,OOPSLA Companion
https://dblp.org/streams/conf/onward,Onward!
https://dblp.org/streams/conf/esec,ESEC/SIGSOFT FSE
https://dblp.org/streams/conf/sigsoft,SIGSOFT FSE
FoSER,FoSER
https://dblp.org/streams/conf/atest-ws,A-TEST@SIGSOFT FSE
https://dblp.org/streams/conf/rws,RWS
https://dblp.org/streams/conf/ac,Method and tools for compiler construction
https://dblp.org/streams/conf/sbac-pad,SBAC-PAD
https://dblp.org/streams/conf/eclipse,eTX
https://dblp.org/streams/conf/iwcmc,IWCMC
https://dblp.org/streams/conf/iski,IS/KI
https://dblp.org/streams/conf/forte,FMOODS/FORTE
https://dblp.org/streams/conf/dis,DS
https://dblp.org/streams/conf/wecwis,CBI (1)
https://dblp.org/streams/conf/ices,ICES
https://dblp.org/streams/conf/ifip,IFIP Congress (1)
https://dblp.org/streams/conf/cser,CSER
https://dblp.org/streams/conf/springsim,SpringSim (ANSS)
https://dblp.org/streams/conf/aag,AAG
https://dblp.org/streams/conf/adt,ADT
https://dblp.org/streams/conf/icatech,ICAT
https://dblp.org/streams/conf/indin,INDIN
https://dblp.org/streams/conf/prdc,PRDC
https://dblp.org/streams/conf/stm,STM
https://dblp.org/streams/conf/icvs,ICVS
https://dblp.org/streams/conf/icns,ICNS
https://dblp.org/streams/conf/semco,ICSC
https://dblp.org/streams/conf/waoa,WAOA
https://dblp.org/streams/conf/mbees,MBEES
https://dblp.org/streams/conf/scored,SCORED@CCS
https://dblp.org/streams/conf/emnets,EmNets
https://dblp.org/streams/conf/gamifin,GamiFIN
https://dblp.org/streams/conf/hybrid,HSCC
https://dblp.org/streams/conf/cvpr,CVPR
https://dblp.org/streams/conf/mompes,MOMPES
https://dblp.org/streams/conf/dcc,DCC
https://dblp.org/streams/conf/nas,NAS
https://dblp.org/streams/conf/www,WWW
https://dblp.org/streams/conf/ldow,LDOW@WWW
https://dblp.org/streams/conf/schule,INFOS
https://dblp.org/streams/conf/giddi,DDI
https://dblp.org/streams/conf/gihdi,HDI
https://dblp.org/streams/conf/awc,AWC
https://dblp.org/streams/conf/icdl-epirob,ICDL-EPIROB
https://dblp.org/streams/conf/visapp,VISAPP (1)
https://dblp.org/streams/conf/bica,BICA
https://dblp.org/streams/conf/vlsi,VLSI-SoC
https://dblp.org/streams/conf/educon,EDUCON
https://dblp.org/streams/conf/vao,VAO@STAF
https://dblp.org/streams/conf/uic,UIC
https://dblp.org/streams/conf/dbisp2p,DBISP2P
https://dblp.org/streams/conf/icde,ICDE Workshops
https://dblp.org/streams/conf/icce-berlin,ICCE-Berlin
https://dblp.org/streams/conf/fct,FCT
https://dblp.org/streams/conf/ifip5-1,PLM (1)
https://dblp.org/streams/conf/gcai,GCAI
https://dblp.org/streams/conf/mpc,MPC
https://dblp.org/streams/conf/hpcn,HPCN Europe
https://dblp.org/streams/conf/icwe,ICWE
https://dblp.org/streams/conf/pakdd,PAKDD (1)
https://dblp.org/streams/conf/essos,ESSoS
https://dblp.org/streams/conf/itsc,ITSC
https://dblp.org/streams/conf/ssp,SSP
https://dblp.org/streams/conf/aina,AINA (1)
https://dblp.org/streams/conf/algocloud,ALGOCLOUD
https://dblp.org/streams/conf/acns,ACNS
https://dblp.org/streams/conf/cocoa,COCOA (2)
https://dblp.org/streams/conf/gsi,GSI (1)
https://dblp.org/streams/conf/rtss,RTSS
https://dblp.org/streams/conf/pdp,PDP
https://dblp.org/streams/conf/ismar,ISAR
https://dblp.org/streams/conf/icic,ICIC (1)
https://dblp.org/streams/conf/podc,PODC
https://dblp.org/streams/conf/armscc,ARMS-CC@PODC
TOPIC@PODC,TOPIC@PODC
https://dblp.org/streams/conf/dna,DNA
https://dblp.org/streams/conf/patmos,PATMOS
https://dblp.org/streams/conf/icsr,ICSR
https://dblp.org/streams/conf/fuzzIEEE,FUZZ-IEEE
https://dblp.org/streams/conf/esscirc,ESSCIRC
https://dblp.org/streams/conf/icfem,ICFEM
https://dblp.org/streams/conf/esa,ESA
https://dblp.org/streams/conf/kka,KKA
https://dblp.org/streams/conf/scm,SCM
https://dblp.org/streams/conf/afrigraph,Afrigraph
https://dblp.org/streams/conf/icmlc,ICMLC
https://dblp.org/streams/conf/icar,ICAR
https://dblp.org/streams/conf/acisp,ACISP
https://dblp.org/streams/conf/cccg,CCCG
https://dblp.org/streams/conf/bcs,BCS Int. Acad. Conf.
https://dblp.org/streams/conf/interspeech,INTERSPEECH
https://dblp.org/streams/conf/eurospeech,EUROSPEECH
https://dblp.org/streams/conf/cic,Communications in Computing
https://dblp.org/streams/conf/lfcs,LFCS
https://dblp.org/streams/conf/icdt,ICDT
https://dblp.org/streams/conf/dsn,DSN
https://dblp.org/streams/conf/wdag,DISC
https://dblp.org/streams/conf/egpgv,EGPGV@Eurographics
https://dblp.org/streams/conf/fgr,FG
https://dblp.org/streams/conf/aimech,AIM
https://dblp.org/streams/conf/wine,WINE
https://dblp.org/streams/conf/webi,WI
https://dblp.org/streams/conf/conext,CoNEXT (Short Papers)
https://dblp.org/streams/conf/europ4,EuroP4@CoNEXT
https://dblp.org/streams/conf/icsoft,ICSOFT (Selected Papers)
https://dblp.org/streams/conf/arc,ARC
https://dblp.org/streams/conf/hotedge,HotEdge
https://dblp.org/streams/conf/eee,EEE
https://dblp.org/streams/conf/holomas,HoloMAS
https://dblp.org/streams/conf/sand,SAND
https://dblp.org/streams/conf/mwcn,WMNC/PWC
https://dblp.org/streams/conf/esem,ESEM
https://dblp.org/streams/conf/cica,CICA
https://dblp.org/streams/conf/tqc,TQC
https://dblp.org/streams/conf/eurodac,EURO-DAC
https://dblp.org/streams/conf/robocup,RoboCup
https://dblp.org/streams/conf/iat,IAT
https://dblp.org/streams/conf/ispan,ISPAN
https://dblp.org/streams/conf/ecai,ECAI
https://dblp.org/streams/conf/eurosim,EUROSIM
https://dblp.org/streams/conf/nips,NeurIPS Datasets and Benchmarks
https://dblp.org/streams/conf/bmsd,BMSD
https://dblp.org/streams/conf/xai,xAI (1)
https://dblp.org/streams/conf/eurocolt,EuroCOLT
https://dblp.org/streams/conf/qest,QEST
https://dblp.org/streams/conf/er,ER Workshops
https://dblp.org/streams/conf/iwaenc,IWAENC
https://dblp.org/streams/conf/urai,UR
https://dblp.org/streams/conf/stoc,STOC
https://dblp.org/streams/conf/isie,ISIE
https://dblp.org/streams/conf/hotnets,HotNets
https://dblp.org/streams/conf/icarm,ICARM
https://dblp.org/streams/conf/sum,SUM
https://dblp.org/streams/conf/in4pl,IN4PL
https://dblp.org/streams/conf/iros,IROS
https://dblp.org/streams/conf/eics,EICS
https://dblp.org/streams/conf/robio,ROBIO
https://dblp.org/streams/conf/iwia,IWIA
https://dblp.org/streams/conf/iscram,ISCRAM
https://dblp.org/streams/conf/asap,ASAP
https://dblp.org/streams/conf/europar,Euro-Par
https://dblp.org/streams/conf/kolicalling,Koli Calling
https://dblp.org/streams/conf/tapsoft,"TAPSOFT, Vol.2"
https://dblp.org/streams/conf/icn,ICN/ICONS/MCL
https://dblp.org/streams/conf/ppig,PPIG
https://dblp.org/streams/conf/lwa,LWA
https://dblp.org/streams/conf/ictac,ICTAC
https://dblp.org/streams/conf/icse-gas,GAS
https://dblp.org/streams/conf/ssci,SSCI
https://dblp.org/streams/conf/iwpc,ICPC
https://dblp.org/streams/conf/icdl,ICDL
https://dblp.org/streams/conf/coling,COLING
https://dblp.org/streams/conf/microcomputing,Microcomputing
https://dblp.org/streams/conf/f-egc,EGC
https://dblp.org/streams/conf/asplos,ASPLOS
https://dblp.org/streams/conf/vldb,VLDB
https://dblp.org/streams/conf/kivs,NetSys
https://dblp.org/streams/conf/dagm,DAGM-Symposium
https://dblp.org/streams/conf/ijcnlp,IJCNLP
https://dblp.org/streams/conf/sefm,SEFM
https://dblp.org/streams/conf/fdl,FDL
https://dblp.org/streams/conf/IEEEscc,IEEE SCC
https://dblp.org/streams/conf/dft,DFTS
https://dblp.org/streams/conf/lctrts,LCTES
https://dblp.org/streams/conf/quatic,QUATIC
https://dblp.org/streams/conf/inss,INSS
https://dblp.org/streams/conf/uml,UML
https://dblp.org/streams/conf/iwpec,IPEC
https://dblp.org/streams/conf/issse,ISSSE
https://dblp.org/streams/conf/ideal,IDEAL
https://dblp.org/streams/conf/owled,OWLED
https://dblp.org/streams/conf/ndss,NDSS
https://dblp.org/streams/conf/btas,BTAS
https://dblp.org/streams/conf/refsq,REFSQ Workshops
https://dblp.org/streams/conf/avi,Advanced Visual Interfaces
https://dblp.org/streams/conf/pimrc,PIMRC
https://dblp.org/streams/conf/ecweb,EC-Web
https://dblp.org/streams/conf/agtive,AGTIVE
https://dblp.org/streams/conf/nmr,NMR
https://dblp.org/streams/conf/hpcasia,HPC Asia
https://dblp.org/streams/conf/tap,TAP@FM
https://dblp.org/streams/conf/programming,Programming
https://dblp.org/streams/conf/momm,MoMM
https://dblp.org/streams/conf/ccnc,CCNC
https://dblp.org/streams/conf/ifip10,BICC
https://dblp.org/streams/conf/bmvc,BMVC
https://dblp.org/streams/conf/cgi,Computer Graphics International
https://dblp.org/streams/conf/netsoft,NetSoft
https://dblp.org/streams/conf/eoolt,EOOLT
https://dblp.org/streams/conf/caap,CAAP
https://dblp.org/streams/conf/pasc,PASC
https://dblp.org/streams/conf/p2p,P2P
https://dblp.org/streams/conf/iccps,ICCPS
https://dblp.org/streams/conf/modelsward,MODELSWARD
https://dblp.org/streams/conf/itc,ITC
https://dblp.org/streams/conf/focs,FOCS
FFSE@CSMR,FFSE@CSMR
https://dblp.org/streams/conf/ifip10-3,DIPES
https://dblp.org/streams/conf/ewgdss,ICDSST
https://dblp.org/streams/conf/soco,SC
https://dblp.org/streams/conf/samos,ICSAMOS
https://dblp.org/streams/conf/ipmu,IPMU
https://dblp.org/streams/conf/jist,JIST
https://dblp.org/streams/conf/dagstuhl,Software Engineering for Self-Adaptive Systems
https://dblp.org/streams/series/dagstuhl,Scalable Data Management in Evolving Networks
https://dblp.org/streams/conf/wsa,WSA
https://dblp.org/streams/conf/cloudcom,CloudCom
https://dblp.org/streams/conf/eurogp,EuroGP
https://dblp.org/streams/conf/eurocon,EUROCON
https://dblp.org/streams/conf/edbt,EDBT
https://dblp.org/streams/conf/stacs,STACS
https://dblp.org/streams/conf/adbis,ADBIS
https://dblp.org/streams/conf/dms,DMS
https://dblp.org/streams/conf/gsem,NODe/GSEM
https://dblp.org/streams/conf/colcom,CollaborateCom
https://dblp.org/streams/conf/mcss,MCSS
https://dblp.org/streams/conf/ausctw,AusCTW
https://dblp.org/streams/conf/coco,CCC
https://dblp.org/streams/conf/socrob,ICSR
https://dblp.org/streams/conf/cores,CORES
https://dblp.org/streams/conf/sirocco,SIROCCO
https://dblp.org/streams/conf/fm,FM
https://dblp.org/streams/conf/iccl2,ICCL
https://dblp.org/streams/conf/scoop,Solving Combinatorial Optimization Problems in Parallel
https://dblp.org/streams/conf/seuh,SEUH
https://dblp.org/streams/conf/isvc,ISVC (1)
https://dblp.org/streams/conf/vorgehensmodelle,PVM
https://dblp.org/streams/conf/skg,SKG
https://dblp.org/streams/conf/bionetics,BICT
https://dblp.org/streams/conf/fsttcs,FSTTCS
https://dblp.org/streams/conf/sensys,SenSys
https://dblp.org/streams/conf/swat,SWAT
https://dblp.org/streams/conf/icict2,ICICT
https://dblp.org/streams/conf/gnnet,GNNet@CoNEXT
https://dblp.org/streams/conf/calc,CaLC
https://dblp.org/streams/conf/text2kg,TEXT2KG/DQMLKG@ESWC
https://dblp.org/streams/conf/secdev,SecDev
https://dblp.org/streams/conf/saso,SASO
https://dblp.org/streams/conf/simultech,SIMULTECH
https://dblp.org/streams/conf/ppopp,PPoPP
https://dblp.org/streams/conf/icann,ICANN (4)
https://dblp.org/streams/conf/ipps,IPDPS
https://dblp.org/streams/conf/icecsys,ICECS
https://dblp.org/streams/conf/wm,Wissensmanagement
https://dblp.org/streams/conf/icpram,ICPRAM
https://dblp.org/streams/conf/awoc,AWOC
https://dblp.org/streams/conf/somet,SoMeT
https://dblp.org/streams/conf/ssrr,SSRR
https://dblp.org/streams/conf/iukm,IUKM (1)
https://dblp.org/streams/conf/wikidata,Wikidata
https://dblp.org/streams/conf/vmv,VMV
https://dblp.org/streams/conf/euc,EUC
https://dblp.org/streams/conf/reconfig,ReConFig
https://dblp.org/streams/conf/vinci,VINCI
https://dblp.org/streams/conf/syscon,SysCon
https://dblp.org/streams/conf/icse,ICSE (1)
https://dblp.org/streams/conf/serscps-ws,SEsCPS@ICSE
https://dblp.org/streams/conf/ast,AST
https://dblp.org/streams/conf/wosq,WoSQ@ICSE
NIER@ICSE,NIER@ICSE
https://dblp.org/streams/conf/icse-mise,MiSE@ICSE
https://dblp.org/streams/conf/icse-seh,SEHC@ICSE
https://dblp.org/streams/conf/astws,AST@ICSE
https://dblp.org/streams/conf/fose-ws,FOSE
https://dblp.org/streams/conf/emnlp,EMNLP
https://dblp.org/streams/conf/icrai,ICRAI
https://dblp.org/streams/conf/isccsp,ISCCSP
https://dblp.org/streams/conf/digra,DiGRA Conference
https://dblp.org/streams/conf/esm,ESM
https://dblp.org/streams/conf/eles,ELES
https://dblp.org/streams/conf/dhd,DHd
https://dblp.org/streams/conf/ml4cps,ML4CPS
https://dblp.org/streams/conf/icsob,ICSOB
https://dblp.org/streams/conf/iseud,WWDD@IS-EUD
https://dblp.org/streams/conf/icmt,ICMT
https://dblp.org/streams/conf/wocci,WOCCI
https://dblp.org/streams/conf/pdcn,Parallel and Distributed Computing and Networks
https://dblp.org/streams/conf/nanocom,NANOCOM
https://dblp.org/streams/conf/icmcs,"ICMCS, Vol. 2"
https://dblp.org/streams/conf/moreal,International Working Conference on Model Realism
https://dblp.org/streams/conf/icalp,ICALP (1)
https://dblp.org/streams/conf/dsml,DSML
https://dblp.org/streams/conf/sbesc,SBESC
https://dblp.org/streams/conf/etfa,ETFA
https://dblp.org/streams/conf/m-dbis,Database Mechanisms for Mobile Applications
https://dblp.org/streams/conf/iwpse,IWPSE
https://dblp.org/streams/conf/fusion,FUSION
https://dblp.org/streams/conf/uksim,UKSim
https://dblp.org/streams/conf/dasc,DASC
https://dblp.org/streams/conf/emo,EMO
https://dblp.org/streams/conf/asiacrypt,ASIACRYPT (2)
https://dblp.org/streams/conf/soca,SOCA
https://dblp.org/streams/conf/lacci,LA-CCI
https://dblp.org/streams/conf/btw,BTW
https://dblp.org/streams/conf/ersa,ERSA
https://dblp.org/streams/journals/coap,Comput. Optim. Appl.
https://dblp.org/streams/journals/isf,Inf. Syst. Frontiers
https://dblp.org/streams/conf/segragra,SEGRAGRA
https://dblp.org/streams/conf/cocv,COCV
https://dblp.org/streams/conf/fovmt,FoVMT
https://dblp.org/streams/series/entcs,VerAS@TPHOLs
https://dblp.org/streams/conf/fesca,FESCA@ETAPS
https://dblp.org/streams/conf/mbt,MBT
https://dblp.org/streams/conf/gtvmt,GT-VMT@ICGT
https://dblp.org/streams/conf/ldta,LDTA@ETAPS
https://dblp.org/streams/conf/getgrats,GETGRATS Closing Workshop
https://dblp.org/streams/conf/unigra,UNIGRA
https://dblp.org/streams/journals/cn,Comput. Networks
https://dblp.org/streams/journals/csl,Comput. Speech Lang.
https://dblp.org/streams/journals/njc,Nord. J. Comput.
https://dblp.org/streams/journals/sigact,SIGACT News
https://dblp.org/streams/journals/bdr,Big Data Res.
https://dblp.org/streams/journals/taslp,IEEE Trans. Speech Audio Process.
https://dblp.org/streams/journals/jgo,J. Glob. Optim.
https://dblp.org/streams/journals/scheduling,J. Sched.
https://dblp.org/streams/journals/ejasp,EURASIP J. Adv. Signal Process.
https://dblp.org/streams/journals/eg,Electron. Gov. an Int. J.
https://dblp.org/streams/journals/peng,Prod. Eng.
https://dblp.org/streams/journals/datamine,Data Min. Knowl. Discov.
https://dblp.org/streams/journals/tmc,IEEE Trans. Mob. Comput.
https://dblp.org/streams/journals/dase,Data Sci. Eng.
https://dblp.org/streams/journals/cor,Comput. Oper. Res.
https://dblp.org/streams/journals/mst,Theory Comput. Syst.
https://dblp.org/streams/journals/asc,Appl. Soft Comput.
https://dblp.org/streams/journals/cga,IEEE Computer Graphics and Applications
https://dblp.org/streams/journals/rjour,R J.
https://dblp.org/streams/journals/cphysics,Comput. Phys. Commun.
https://dblp.org/streams/journals/jfi,J. Frankl. Inst.
https://dblp.org/streams/journals/toce,ACM Trans. Comput. Educ.
https://dblp.org/streams/journals/bsl,Bull. Symb. Log.
https://dblp.org/streams/journals/ile,Interact. Learn. Environ.
https://dblp.org/streams/journals/presence,Presence Teleoperators Virtual Environ.
https://dblp.org/streams/journals/simpra,Simul. Pract. Theory
https://dblp.org/streams/journals/jcise,J. Comput. Inf. Sci. Eng.
https://dblp.org/streams/journals/jss,J. Syst. Softw.
https://dblp.org/streams/journals/mam,Microprocess. Microsystems
https://dblp.org/streams/journals/siamdm,SIAM J. Discret. Math.
https://dblp.org/streams/journals/siamcomp,SIAM J. Comput.
https://dblp.org/streams/journals/dud,Datenschutz und Datensicherheit
https://dblp.org/streams/journals/isem,Inf. Syst. E Bus. Manag.
https://dblp.org/streams/journals/tissec,ACM Trans. Priv. Secur.
https://dblp.org/streams/journals/ar,Adv. Robotics
https://dblp.org/streams/journals/pacmnet,Proc. ACM Netw.
https://dblp.org/streams/journals/csur,ACM Comput. Surv.
https://dblp.org/streams/journals/jucs,J. Univers. Comput. Sci.
https://dblp.org/streams/journals/cc,Comput. Complex.
https://dblp.org/streams/journals/ml,Mach. Learn.
https://dblp.org/streams/journals/ijar,Int. J. Approx. Reason.
https://dblp.org/streams/journals/cm,IEEE Commun. Mag.
https://dblp.org/streams/journals/jmis,J. Manag. Inf. Syst.
https://dblp.org/streams/journals/dss,Decis. Support Syst.
https://dblp.org/streams/journals/prl,Pattern Recognit. Lett.
https://dblp.org/streams/journals/bmcsb,BMC Syst. Biol.
https://dblp.org/streams/journals/adac,Adv. Data Anal. Classif.
https://dblp.org/streams/journals/pami,IEEE Trans. Pattern Anal. Mach. Intell.
https://dblp.org/streams/journals/ton,IEEE/ACM Trans. Netw.
https://dblp.org/streams/journals/bigdata,Big Data
https://dblp.org/streams/journals/scp,Sci. Comput. Program.
https://dblp.org/streams/journals/scpe,Scalable Comput. Pract. Exp.
https://dblp.org/streams/journals/spe,Softw. Pract. Exp.
https://dblp.org/streams/journals/ejasmp,EURASIP J. Audio Speech Music. Process.
https://dblp.org/streams/journals/ijrr,Int. J. Robotics Res.
https://dblp.org/streams/journals/csr,Comput. Sci. Rev.
https://dblp.org/streams/journals/ijsr,Int. J. Soc. Robotics
https://dblp.org/streams/journals/sigkdd,SIGKDD Explor.
https://dblp.org/streams/journals/iet-cdt,IET Comput. Digit. Tech.
https://dblp.org/streams/journals/csse,Comput. Syst. Sci. Eng.
https://dblp.org/streams/journals/tsp,IEEE Trans. Signal Process.
https://dblp.org/streams/journals/sosym,Softw. Syst. Model.
https://dblp.org/streams/journals/misqe,MIS Q. Executive
https://dblp.org/streams/journals/pc,Parallel Comput.
https://dblp.org/streams/journals/el,Electron. Libr.
https://dblp.org/streams/journals/ejis,Eur. J. Inf. Syst.
https://dblp.org/streams/journals/ijcon,Int. J. Control
https://dblp.org/streams/journals/jmui,J. Multimodal User Interfaces
https://dblp.org/streams/journals/jal,J. Algorithms
https://dblp.org/streams/journals/fgcs,Future Gener. Comput. Syst.
https://dblp.org/streams/journals/tcs,Theor. Comput. Sci.
https://dblp.org/streams/journals/bjet,Br. J. Educ. Technol.
https://dblp.org/streams/journals/datasci,Data Sci.
https://dblp.org/streams/journals/tvt,IEEE Trans. Veh. Technol.
https://dblp.org/streams/journals/sigpro,Signal Process.
https://dblp.org/streams/journals/toct,ACM Trans. Comput. Theory
https://dblp.org/streams/journals/cogsci,Cogn. Sci.
https://dblp.org/streams/journals/iandc,Inf. Comput.
https://dblp.org/streams/journals/ipl,Inf. Process. Lett.
https://dblp.org/streams/journals/jns,J. Nonlinear Sci.
https://dblp.org/streams/journals/tse,IEEE Trans. Software Eng.
https://dblp.org/streams/journals/wias,Web Intell. Agent Syst.
https://dblp.org/streams/journals/wipiec,WiPiEC Journal
https://dblp.org/streams/journals/tcasI,IEEE Trans. Circuits Syst. I Regul. Pap.
https://dblp.org/streams/journals/smr,J. Softw. Evol. Process.
https://dblp.org/streams/journals/firai,Frontiers Robotics AI
https://dblp.org/streams/journals/didactica,Informatica Didact.
https://dblp.org/streams/journals/cstat,Comput. Stat.
https://dblp.org/streams/journals/informaticaSI,Informatica (Slovenia)
https://dblp.org/streams/journals/jacm,J. ACM
https://dblp.org/streams/journals/ijprai,Int. J. Pattern Recognit. Artif. Intell.
https://dblp.org/streams/journals/semweb,Semantic Web
https://dblp.org/streams/journals/ec,Evol. Comput.
https://dblp.org/streams/journals/finr,Frontiers Neurorobotics
https://dblp.org/streams/journals/siammax,SIAM J. Matrix Anal. Appl.
https://dblp.org/streams/journals/iam,Inf. Manag.
https://dblp.org/streams/journals/networks,Networks
https://dblp.org/streams/journals/sigmetrics,SIGMETRICS Perform. Evaluation Rev.
https://dblp.org/streams/journals/vlsisp,J. Signal Process. Syst.
https://dblp.org/streams/journals/trob,IEEE Trans. Robotics
https://dblp.org/streams/journals/topics,Top. Cogn. Sci.
https://dblp.org/streams/journals/jar,J. Autom. Reason.
https://dblp.org/streams/journals/logcom,J. Log. Comput.
https://dblp.org/streams/journals/ife,Comput. Sci. Res. Dev.
https://dblp.org/streams/journals/jodsn,J. Data Semant.
https://dblp.org/streams/journals/acta,Acta Informatica
https://dblp.org/streams/journals/tcc,IEEE Trans. Cloud Comput.
https://dblp.org/streams/journals/cg,Comput. Graph.
https://dblp.org/streams/journals/icl,IEEE Commun. Lett.
https://dblp.org/streams/journals/electronicmarkets,Electron. Mark.
https://dblp.org/streams/journals/ijngc,Int. J. Next Gener. Comput.
https://dblp.org/streams/journals/tc,IEEE Trans. Computers
https://dblp.org/streams/journals/chb,Comput. Hum. Behav.
https://dblp.org/streams/journals/tgcn,IEEE Trans. Green Commun. Netw.
https://dblp.org/streams/journals/tedu,Trans. Edutainment
https://dblp.org/streams/journals/tsusc,IEEE Trans. Sustain. Comput.
https://dblp.org/streams/journals/nn,Neural Networks
https://dblp.org/streams/journals/infsof,Inf. Softw. Technol.
https://dblp.org/streams/journals/jcc,J. Comput. Chem.
https://dblp.org/streams/journals/ejwcn,EURASIP J. Wirel. Commun. Netw.
https://dblp.org/streams/journals/ijmms,Int. J. Man Mach. Stud.
https://dblp.org/streams/journals/jstsp,IEEE J. Sel. Top. Signal Process.
https://dblp.org/streams/journals/tnsm,IEEE Trans. Netw. Serv. Manag.
https://dblp.org/streams/journals/quantum,Quantum
https://dblp.org/streams/journals/aml,Arch. Math. Log.
https://dblp.org/streams/journals/ahswn,Ad Hoc Sens. Wirel. Networks
https://dblp.org/streams/journals/wpc,Wirel. Pers. Commun.
https://dblp.org/streams/journals/jec,J. Embed. Comput.
https://dblp.org/streams/journals/jair,J. Artif. Intell. Res.
https://dblp.org/streams/journals/amcs,Int. J. Appl. Math. Comput. Sci.
https://dblp.org/streams/journals/simpa,Softw. Impacts
https://dblp.org/streams/journals/jais,J. Assoc. Inf. Syst.
https://dblp.org/streams/journals/distribledger,Distributed Ledger Technol. Res. Pract.
https://dblp.org/streams/journals/sigcse,ACM SIGCSE Bull.
https://dblp.org/streams/journals/sigchi,ACM SIGCHI Bull.
https://dblp.org/streams/journals/taes,IEEE Trans. Aerosp. Electron. Syst.
https://dblp.org/streams/journals/pacmse,Proc. ACM Softw. Eng.
https://dblp.org/streams/journals/pacmpl,Proc. ACM Program. Lang.
https://dblp.org/streams/journals/robotica,Robotica
https://dblp.org/streams/journals/twc,IEEE Trans. Wirel. Commun.
https://dblp.org/streams/journals/tpds,IEEE Trans. Parallel Distributed Syst.
https://dblp.org/streams/journals/im,Internet Math.
https://dblp.org/streams/journals/sttt,Int. J. Softw. Tools Technol. Transf.
https://dblp.org/streams/journals/algorithmica,Algorithmica
https://dblp.org/streams/journals/eatcs,Bull. EATCS
https://dblp.org/streams/journals/cacm,Commun. ACM
https://dblp.org/streams/journals/tplp,Theory Pract. Log. Program.
https://dblp.org/streams/journals/cj,Comput. J.
https://dblp.org/streams/journals/taas,ACM Trans. Auton. Adapt. Syst.
https://dblp.org/streams/journals/jot,J. Object Technol.
https://dblp.org/streams/conf/fet,FET
https://dblp.org/streams/journals/cad,Comput. Aided Des.
https://dblp.org/streams/journals/eik,J. Inf. Process. Cybern.
https://dblp.org/streams/journals/vc,Vis. Comput.
https://dblp.org/streams/journals/ijaose,Int. J. Agent Oriented Softw. Eng.
https://dblp.org/streams/journals/da,Decis. Anal.
https://dblp.org/streams/journals/aiedam,Artif. Intell. Eng. Des. Anal. Manuf.
https://dblp.org/streams/journals/amai,Ann. Math. Artif. Intell.
https://dblp.org/streams/journals/ki,K\u00FCnstliche Intell.
https://dblp.org/streams/journals/ijcta,Int. J. Circuit Theory Appl.
https://dblp.org/streams/journals/jsat,J. Satisf. Boolean Model. Comput.
https://dblp.org/streams/journals/arobots,Auton. Robots
https://dblp.org/streams/journals/ase,Autom. Softw. Eng.
https://dblp.org/streams/journals/ijrc,Int. J. Reconfigurable Comput.
https://dblp.org/streams/journals/jds,J. Decis. Syst.
https://dblp.org/streams/journals/cogsr,Cogn. Syst. Res.
https://dblp.org/streams/journals/entropy,Entropy
https://dblp.org/streams/journals/trets,ACM Trans. Reconfigurable Technol. Syst.
https://dblp.org/streams/journals/nca,Neural Comput. Appl.
https://dblp.org/streams/journals/anor,Ann. Oper. Res.
https://dblp.org/streams/journals/scl,Syst. Control. Lett.
https://dblp.org/streams/journals/cee,Comput. Electr. Eng.
https://dblp.org/streams/journals/sensors,Sensors
https://dblp.org/streams/journals/eccc,Electron. Colloquium Comput. Complex.
https://dblp.org/streams/journals/biomedsem,J. Biomed. Semant.
https://dblp.org/streams/journals/peerjpre,PeerJ Prepr.
https://dblp.org/streams/journals/dbsk,Datenbank-Spektrum
https://dblp.org/streams/journals/ijkbo,Int. J. Knowl. Based Organ.
https://dblp.org/streams/journals/cgx,Graph. Vis. Comput.
https://dblp.org/streams/journals/zfbb,ZfBB
https://dblp.org/streams/journals/jossw,J. Open Source Softw.
https://dblp.org/streams/journals/dmtcs,Discret. Math. Theor. Comput. Sci.
https://dblp.org/streams/journals/apal,Ann. Pure Appl. Log.
https://dblp.org/streams/journals/peerj-cs,PeerJ Comput. Sci.
https://dblp.org/streams/journals/tcom,IEEE Trans. Commun.
https://dblp.org/streams/journals/jim,J. Intell. Manuf.
https://dblp.org/streams/journals/ijstm,Int. J. Serv. Technol. Manag.
https://dblp.org/streams/journals/jco,J. Comb. Optim.
https://dblp.org/streams/journals/jeim,J. Enterp. Inf. Manag.
https://dblp.org/streams/journals/tvlsi,IEEE Trans. Very Large Scale Integr. Syst.
https://dblp.org/streams/journals/jitech,J. Inf. Technol.
https://dblp.org/streams/journals/dagstuhl-reports,Dagstuhl Reports
https://dblp.org/streams/journals/darts,Dagstuhl Artifacts Ser.
https://dblp.org/streams/journals/jnsm,J. Netw. Syst. Manag.
https://dblp.org/streams/journals/ws,J. Web Semant.
https://dblp.org/streams/journals/ce,Comput. Educ.
https://dblp.org/streams/journals/jaise,J. Ambient Intell. Smart Environ.
https://dblp.org/streams/journals/tac,IEEE Trans. Autom. Control.
https://dblp.org/streams/journals/sigbed,SIGBED Rev.
https://dblp.org/streams/journals/bise,Bus. Inf. Syst. Eng.
https://dblp.org/streams/journals/inffus,Inf. Fusion
https://dblp.org/streams/journals/actaC,Acta Cybern.
https://dblp.org/streams/journals/cssp,Circuits Syst. Signal Process.
https://dblp.org/streams/journals/sqj,Softw. Qual. J.
https://dblp.org/streams/journals/eaai,Eng. Appl. Artif. Intell.
https://dblp.org/streams/journals/csedu,Comput. Sci. Educ.
https://dblp.org/streams/journals/jmlr,J. Mach. Learn. Res.
https://dblp.org/streams/journals/eait,Educ. Inf. Technol.
https://dblp.org/streams/journals/join,J. Interconnect. Networks
https://dblp.org/streams/journals/tmis,ACM Trans. Manag. Inf. Syst.
https://dblp.org/streams/journals/siaga,SIAM J. Appl. Algebra Geom.
https://dblp.org/streams/journals/spm,IEEE Signal Process. Mag.
https://dblp.org/streams/journals/fuin,Fundam. Informaticae
https://dblp.org/streams/journals/cais,Commun. Assoc. Inf. Syst.
https://dblp.org/streams/journals/sigweb,SIGWEB Newsl.
https://dblp.org/streams/journals/mp,Math. Program.
https://dblp.org/streams/journals/systems,Syst.
https://dblp.org/streams/journals/imwut,Proc. ACM Interact. Mob. Wearable Ubiquitous Technol.
https://dblp.org/streams/journals/jda,J. Discrete Algorithms
https://dblp.org/streams/journals/pik,Prax. Inf.verarb. Kommun.
https://dblp.org/streams/journals/itpro,IT Prof.
https://dblp.org/streams/journals/todaes,ACM Trans. Design Autom. Electr. Syst.
https://dblp.org/streams/journals/software,IEEE Softw.
https://dblp.org/streams/journals/spl,IEEE Signal Process. Lett.
https://dblp.org/streams/journals/eor,Eur. J. Oper. Res.
https://dblp.org/streams/journals/jid,Trans. SDPS
https://dblp.org/streams/journals/cas,Cybern. Syst.
https://dblp.org/streams/journals/wi,Wirtschaftsinf.
https://dblp.org/streams/journals/ijesma,Int. J. E Serv. Mob. Appl.
https://dblp.org/streams/journals/ijfcs,Int. J. Found. Comput. Sci.
https://dblp.org/streams/journals/pr,Pattern Recognit.
https://dblp.org/streams/journals/tecs,ACM Trans. Embed. Comput. Syst.
https://dblp.org/streams/journals/japll,J. Appl. Log.
https://dblp.org/streams/journals/jssc,IEEE J. Solid State Circuits
https://dblp.org/streams/journals/ercim,ERCIM News
https://dblp.org/streams/journals/popets,Proc. Priv. Enhancing Technol.
https://dblp.org/streams/journals/ijsc,Int. J. Semantic Comput.
https://dblp.org/streams/journals/jetc,ACM J. Emerg. Technol. Comput. Syst.
https://dblp.org/streams/journals/icae,Integr. Comput. Aided Eng.
https://dblp.org/streams/journals/sncs,SN Comput. Sci.
https://dblp.org/streams/journals/jcphy,J. Comput. Phys.
https://dblp.org/streams/journals/ijes,Int. J. Embed. Syst.
https://dblp.org/streams/journals/insk,Inform. Spektrum
https://dblp.org/streams/journals/ijhis,Int. J. Hybrid Intell. Syst.
https://dblp.org/streams/journals/mlq,Math. Log. Q.
https://dblp.org/streams/journals/jet,J. Econ. Theory
https://dblp.org/streams/journals/bmcbi,BMC Bioinform.
https://dblp.org/streams/journals/access,IEEE Access
https://dblp.org/streams/journals/ijon,Neurocomputing
https://dblp.org/streams/journals/tog,ACM Trans. Graph.
https://dblp.org/streams/journals/tetc,IEEE Trans. Emerg. Top. Comput.
https://dblp.org/streams/journals/tcci,Trans. Comput. Collect. Intell.
https://dblp.org/streams/journals/jos,J. Simulation
https://dblp.org/streams/journals/isj,Inf. Syst. J.
https://dblp.org/streams/journals/jcam,J. Comput. Appl. Math.
https://dblp.org/streams/journals/tem,IEEE Trans. Engineering Management
https://dblp.org/streams/journals/concurrency,Concurr. Comput. Pract. Exp.
https://dblp.org/streams/journals/ieicetb,IEICE Trans. Commun.
https://dblp.org/streams/journals/topc,ACM Trans. Parallel Comput.
https://dblp.org/streams/journals/comsur,IEEE Commun. Surv. Tutorials
https://dblp.org/streams/journals/tec,IEEE Trans. Evol. Comput.
https://dblp.org/streams/journals/computation,Comput.
https://dblp.org/streams/journals/adcm,Adv. Comput. Math.
https://dblp.org/streams/journals/ijaras,Int. J. Adapt. Resilient Auton. Syst.
https://dblp.org/streams/journals/ai,Artif. Intell.
https://dblp.org/streams/journals/compsec,Comput. Secur.
https://dblp.org/streams/journals/tfs,IEEE Trans. Fuzzy Syst.
https://dblp.org/streams/journals/jsa,Microprocess. Microprogramming
https://dblp.org/streams/journals/isr,Inf. Syst. Res.
https://dblp.org/streams/journals/amc,Appl. Math. Comput.
https://dblp.org/streams/journals/jea,ACM J. Exp. Algorithmics
https://dblp.org/streams/journals/jsac,IEEE J. Sel. Areas Commun.
https://dblp.org/streams/journals/siamco,SIAM J. Control. Optim.
https://dblp.org/streams/journals/is,Inf. Syst.
https://dblp.org/streams/journals/rts,Real Time Syst.
https://dblp.org/streams/journals/aei,Adv. Eng. Informatics
https://dblp.org/streams/journals/ijseke,Int. J. Softw. Eng. Knowl. Eng.
https://dblp.org/streams/journals/iet-cds,IET Circuits Devices Syst.
https://dblp.org/streams/journals/imamci,IMA J. Math. Control. Inf.
https://dblp.org/streams/journals/eetct,EAI Endorsed Trans. Creative Technol.
https://dblp.org/streams/journals/vlc,J. Comput. Lang.
https://dblp.org/streams/journals/tocl,ACM Trans. Comput. Log.
https://dblp.org/streams/journals/jsw,J. Softw.
https://dblp.org/streams/journals/tjs,J. Supercomput.
https://dblp.org/streams/journals/moc,Math. Comput.
https://dblp.org/streams/journals/mansci,Manag. Sci.
https://dblp.org/streams/journals/comcom,Comput. Commun.
https://dblp.org/streams/journals/ijet,Int. J. Emerg. Technol. Learn.
https://dblp.org/streams/journals/apin,Appl. Intell.
https://dblp.org/streams/journals/mscs,Math. Struct. Comput. Sci.
https://dblp.org/streams/journals/jrm,J. Robotics Mechatronics
https://dblp.org/streams/journals/itm,Inf. Technol. Manag.
https://dblp.org/streams/journals/tbbis,IEEE Trans. Biom. Behav. Identity Sci.
https://dblp.org/streams/journals/ppl,Parallel Process. Lett.
https://dblp.org/streams/journals/ieeesp,IEEE Secur. Priv.
https://dblp.org/streams/journals/sigsoft,ACM SIGSOFT Softw. Eng. Notes
https://dblp.org/streams/journals/pmh,Period. Math. Hung.
https://dblp.org/streams/journals/synthese,Synth.
https://dblp.org/streams/journals/ac,Adv. Comput.
https://dblp.org/streams/journals/at,Autom.
https://dblp.org/streams/journals/nc,Nat. Comput.
https://dblp.org/streams/journals/combinatorica,Comb.
https://dblp.org/streams/journals/speech,Speech Commun.
https://dblp.org/streams/journals/swarm,Swarm Intell.
https://dblp.org/streams/journals/jrtip,J. Real Time Image Process.
https://dblp.org/streams/journals/flap,FLAP
https://dblp.org/streams/journals/taco,ACM Trans. Archit. Code Optim.
https://dblp.org/streams/journals/aicom,AI Commun.
https://dblp.org/streams/journals/fi,Future Internet
https://dblp.org/streams/journals/titb,IEEE J. Biomed. Health Informatics
https://dblp.org/streams/journals/fss,Fuzzy Sets Syst.
https://dblp.org/streams/journals/comintsys,Complex Intell. Syst.
https://dblp.org/streams/journals/iacr,IACR Cryptol. ePrint Arch.
https://dblp.org/streams/journals/pieee,Proc. IEEE
https://dblp.org/streams/journals/micro,IEEE Micro
https://dblp.org/streams/journals/tii,IEEE Trans. Ind. Informatics
https://dblp.org/streams/journals/eis,Enterp. Inf. Syst.
https://dblp.org/streams/journals/ijcim,Int. J. Comput. Integr. Manuf.
https://dblp.org/streams/journals/sLogica,Stud Logica
https://dblp.org/streams/journals/ijertcs,Int. J. Embed. Real Time Commun. Syst.
https://dblp.org/streams/journals/igpl,Log. J. IGPL
https://dblp.org/streams/journals/emisa,EMISA Forum
https://dblp.org/streams/journals/esl,IEEE Embed. Syst. Lett.
https://dblp.org/streams/journals/tsipn,IEEE Trans. Signal Inf. Process. over Networks
https://dblp.org/streams/journals/ejes,EURASIP J. Embed. Syst.
https://dblp.org/streams/journals/iswa,Intell. Syst. Appl.
https://dblp.org/streams/journals/jcss,J. Comput. Syst. Sci.
https://dblp.org/streams/journals/polibits,Polibits
https://dblp.org/streams/journals/tcns,IEEE Trans. Control. Netw. Syst.
https://dblp.org/streams/journals/cii,Comput. Ind.
https://dblp.org/streams/journals/tamd,IEEE Trans. Auton. Ment. Dev.
https://dblp.org/streams/journals/pajais,Pac. Asia J. Assoc. Inf. Syst.
https://dblp.org/streams/journals/swevo,Swarm Evol. Comput.
https://dblp.org/streams/journals/tit,IEEE Trans. Inf. Theory
https://dblp.org/streams/journals/ram,IEEE Robotics Autom. Mag.
https://dblp.org/streams/journals/cic,IACR Commun. Cryptol.
https://dblp.org/streams/journals/siamsc,SIAM J. Sci. Comput.
https://dblp.org/streams/journals/heuristics,J. Heuristics
https://dblp.org/streams/journals/ras,Robotics Auton. Syst.
https://dblp.org/streams/journals/evs,Evol. Syst.
https://dblp.org/streams/journals/login,LOG IN
https://dblp.org/streams/journals/fttcs,Found. Trends Theor. Comput. Sci.
https://dblp.org/streams/journals/arc,Annu. Rev. Control.
https://dblp.org/streams/journals/jcst,J. Comput. Sci. Technol.
https://dblp.org/streams/journals/eswa,Expert Syst. Appl.
https://dblp.org/streams/journals/csysl,IEEE Control. Syst. Lett.
https://dblp.org/streams/journals/tosem,ACM Trans. Softw. Eng. Methodol.
https://dblp.org/streams/journals/games,Games
https://dblp.org/streams/journals/endm,Electron. Notes Discret. Math.
https://dblp.org/streams/journals/bioinformatics,Bioinform.
https://dblp.org/streams/journals/ese,Empir. Softw. Eng.
https://dblp.org/streams/journals/icga,ICCA J.
https://dblp.org/streams/journals/wcl,IEEE Wirel. Commun. Lett.
https://dblp.org/streams/journals/telsys,Telecommun. Syst.
https://dblp.org/streams/journals/cl,Comput. Lang. Syst. Struct.
https://dblp.org/streams/journals/dad,Dialogue Discourse
https://dblp.org/streams/journals/nm,Numerische Mathematik
https://dblp.org/streams/journals/icom,i-com
https://dblp.org/streams/journals/comsis,Comput. Sci. Inf. Syst.
https://dblp.org/streams/journals/hmd,HMD Prax. Wirtsch.
https://dblp.org/streams/journals/jitta,J. Inf. Technol. Theory Appl.
https://dblp.org/streams/journals/dam,Discret. Appl. Math.
https://dblp.org/streams/journals/dpd,Distributed Parallel Databases
https://dblp.org/streams/journals/ijiit,Int. J. Intell. Inf. Technol.
https://dblp.org/streams/journals/dc,Distributed Comput.
https://dblp.org/streams/journals/fac,Formal Aspects Comput.
https://dblp.org/streams/journals/ijwin,Int. J. Wirel. Inf. Networks
https://dblp.org/streams/journals/emisaij,Enterp. Model. Inf. Syst. Archit.
https://dblp.org/streams/journals/ijdsn,Int. J. Distributed Sens. Networks
https://dblp.org/streams/journals/bpmj,Bus. Process. Manag. J.
https://dblp.org/streams/journals/tcad,IEEE Trans. Comput. Aided Des. Integr. Circuits Syst.
https://dblp.org/streams/journals/vldb,VLDB J.
https://dblp.org/streams/journals/jgaa,J. Graph Algorithms Appl.
https://dblp.org/streams/journals/sjis,Scand. J. Inf. Syst.
https://dblp.org/streams/journals/expert,IEEE Intell. Syst.
https://dblp.org/streams/journals/jcs,J. Comput. Secur.
https://dblp.org/streams/journals/dke,Data Knowl. Eng.
https://dblp.org/streams/journals/db,Data Base
https://dblp.org/streams/journals/cgf,Comput. Graph. Forum
https://dblp.org/streams/journals/lr,Logist. Res.
https://dblp.org/streams/journals/tifs,IEEE Trans. Inf. Forensics Secur.
https://dblp.org/streams/journals/ijiscram,Int. J. Inf. Syst. Crisis Response Manag.
https://dblp.org/streams/journals/tiis,ACM Trans. Interact. Intell. Syst.
https://dblp.org/streams/journals/ijghpc,Int. J. Grid High Perform. Comput.
https://dblp.org/streams/journals/jcb,J. Comput. Biol.
https://dblp.org/streams/journals/programming,Art Sci. Eng. Program.
https://dblp.org/streams/journals/talg,ACM Trans. Algorithms
https://dblp.org/streams/journals/automatica,Autom.
https://dblp.org/streams/journals/rsa,Random Struct. Algorithms
https://dblp.org/streams/journals/tcps,ACM Trans. Cyber Phys. Syst.
https://dblp.org/streams/journals/ecra,Electron. Commer. Res. Appl.
https://dblp.org/streams/journals/sopr,Softw. Process. Improv. Pract.
https://dblp.org/streams/journals/computer,Computer
https://dblp.org/streams/journals/fcomp,Frontiers Comput. Sci.
https://dblp.org/streams/journals/soco,Soft Comput.
https://dblp.org/streams/journals/sigplan,ACM SIGPLAN Notices
https://dblp.org/streams/journals/ijbpim,Int. J. Bus. Process. Integr. Manag.
https://dblp.org/streams/journals/tgdk,Trans. Graph Data Knowl.
https://dblp.org/streams/journals/pacmhci,Proc. ACM Hum. Comput. Interact.
https://dblp.org/streams/journals/jhss,J. Hardw. Syst. Secur.
https://dblp.org/streams/journals/jcm,J. Commun.
https://dblp.org/streams/journals/ejcon,Eur. J. Control
https://dblp.org/streams/journals/eceasst,Electron. Commun. Eur. Assoc. Softw. Sci. Technol.
https://dblp.org/streams/journals/jpdc,J. Parallel Distributed Comput.
https://dblp.org/streams/journals/mcss,Math. Control. Signals Syst.
https://dblp.org/streams/journals/jcsc,J. Circuits Syst. Comput.
https://dblp.org/streams/journals/kais,Knowl. Inf. Syst.
https://dblp.org/streams/journals/air,Artif. Intell. Rev.
https://dblp.org/streams/journals/isci,Inf. Sci.
https://dblp.org/streams/journals/tce,IEEE Trans. Consumer Electron.
https://dblp.org/streams/journals/jsis,J. Strateg. Inf. Syst.
https://dblp.org/streams/journals/cma,Comput. Math. Appl.
https://dblp.org/streams/journals/istr,J. Inf. Secur. Appl.
https://dblp.org/streams/journals/ijhac,Int. J. Humanit. Arts Comput.
https://dblp.org/streams/journals/jgt,J. Graph Theory
https://dblp.org/streams/journals/stt,Softwaretechnik-Trends
https://dblp.org/streams/journals/tcasII,IEEE Trans. Circuits Syst. II Express Briefs
https://dblp.org/streams/journals/wm,Wirtschaftsinformatik Manag.
https://dblp.org/streams/journals/cea,Comput. Electron. Agric.
https://dblp.org/streams/journals/misq,MIS Q.
https://dblp.org/streams/journals/puc,Pers. Ubiquitous Comput.
https://dblp.org/streams/journals/it,Informationstechnik Tech. Inform.
https://dblp.org/streams/journals/ita,RAIRO Theor. Informatics Appl.
https://dblp.org/streams/journals/toplas,ACM Trans. Program. Lang. Syst.
https://dblp.org/streams/journals/siamjo,SIAM J. Optim.
https://dblp.org/streams/journals/computing,Computing
https://dblp.org/streams/journals/cagd,Comput. Aided Geom. Des.
https://dblp.org/streams/journals/paapp,Parallel Algorithms Appl.
https://dblp.org/streams/journals/intr,Internet Res.
https://dblp.org/streams/journals/tciaig,IEEE Trans. Comput. Intell. AI Games
https://dblp.org/streams/journals/dsp,Digit. Signal Process.
https://dblp.org/streams/journals/sigarch,SIGARCH Comput. Archit. News
https://dblp.org/streams/journals/corr,CoRR
https://dblp.org/streams/journals/lmcs,Log. Methods Comput. Sci.
https://dblp.org/streams/journals/iie,Informatics Educ.
https://dblp.org/streams/journals/ijinfoman,Int. J. Inf. Manag.
https://dblp.org/streams/journals/qic,Quantum Inf. Comput.
https://dblp.org/streams/journals/ijhpca,Int. J. High Perform. Comput. Appl.
Model-Based Testing for Embedded Systems,Model-Based Testing for Embedded Systems
Handbook of Approximation Algorithms and Metaheuristics (2),Handbook of Approximation Algorithms and Metaheuristics (2)
Flexible Working - New Network Technologies,Flexible Working - New Network Technologies
Algorithms Unplugged,Algorithms Unplugged
"Computer Science, The Hardware, Software and Heart of It","Computer Science, The Hardware, Software and Heart of It"
Handbook of Service Description,Handbook of Service Description
Computational Social Networks,Computational Social Networks
Organic Computing,Organic Computing
Ernst Denert Award for Software Engineering,Ernst Denert Award for Software Engineering
K\u00FCnstliche Intelligenz f\u00FCr Lehrkr\u00E4fte,K\u00FCnstliche Intelligenz f\u00FCr Lehrkr\u00E4fte
Digital Transformation,Digital Transformation
Lectures in E-Commerce,Lectures in E-Commerce
The Art of Structuring,The Art of Structuring
Recommender Systems for Technology Enhanced Learning,Recommender Systems for Technology Enhanced Learning
Model-Based Engineering of Embedded Systems,Model-Based Engineering of Embedded Systems
Dynamically Reconfigurable Systems,Dynamically Reconfigurable Systems
Informatik,Informatik
"New Era for Robust Speech Recognition, Exploiting Deep Learning","New Era for Robust Speech Recognition, Exploiting Deep Learning"
High Performance Computing on Vector Systems,High Performance Computing on Vector Systems
New Horizons for a Data-Driven Economy,New Horizons for a Data-Driven Economy
Techniques for Noise Robustness in Automatic Speech Recognition,Techniques for Noise Robustness in Automatic Speech Recognition
Process-Aware Information Systems,Process-Aware Information Systems
CSCL-Kompendium,CSCL-Kompendium
Cambridge tracts in theoretical computer science,Cambridge tracts in theoretical computer science
Leitf\u00E4den und Monographien der Informatik,Leitf\u00E4den und Monographien der Informatik
"Forschungsberichte des Fachbereichs Informatik / Technische Universit\u00E4t Berlin / Fachbereich 20, Informatik","Forschungsberichte des Fachbereichs Informatik / Technische Universit\u00E4t Berlin / Fachbereich 20, Informatik"
HNI-Verlagsschriftenreihe,HNI-Verlagsschriftenreihe
Leitf\u00E4den der angewandten Informatik,Leitf\u00E4den der angewandten Informatik
eXamen.press,eXamen.press
High Performance Computing in Science and Engineering,High Performance Computing in Science and Engineering
Design Methodology for Intelligent Technical Systems,Design Methodology for Intelligent Technical Systems
Towards the Multilingual Semantic Web,Towards the Multilingual Semantic Web
Robust Speech Recognition of Uncertain or Missing Data,Robust Speech Recognition of Uncertain or Missing Data
FPGAs for Software Programmers,FPGAs for Software Programmers
Forschungsberichte / Universit\u00E4t Dortmund / Fachbereich Informatik,Forschungsberichte / Universit\u00E4t Dortmund / Fachbereich Informatik
Web Engineering: Systematische Entwicklung von Web-Anwendungen,Web Engineering: Systematische Entwicklung von Web-Anwendungen
Advances in Object-Oriented Data Modeling,Advances in Object-Oriented Data Modeling
Wirksamer Informatikunterricht,Wirksamer Informatikunterricht
IWBS Report,IWBS Report
